Time,Spirit0_x,Spirit0_y,Spirit0_z,Spirit1_x,Spirit1_y,Spirit1_z,Spirit2_x,Spirit2_y,Spirit2_z,
1.502,0,0,0.19,1,0.25,0.19,0,2,0.19,
1.503,4.92792e-05,-1.12766e-05,0.18999,0.999948,0.25001,0.189991,1.15461e-05,2,0.189992,
1.504,9.85585e-05,-2.25533e-05,0.189969,0.999896,0.25002,0.189972,2.30924e-05,2.00001,0.189973,
1.505,0.000145455,-3.65001e-05,0.189941,0.999836,0.25003,0.189945,3.46541e-05,2.00001,0.189947,
1.506,0.000296594,-9.85499e-05,0.189909,0.999601,0.250068,0.189913,8.11733e-05,2.00003,0.189916,
1.507,0.000926805,-0.000356562,0.189864,0.998729,0.250243,0.189871,0.000275923,2.0001,0.189877,
1.508,0.00176925,-0.000700048,0.189798,0.997626,0.250484,0.189814,0.000535794,2.0002,0.189828,
1.509,0.00286648,-0.00118587,0.18973,0.996192,0.250832,0.189753,0.000878348,2.00035,0.189774,
1.51,0.00518053,-0.00254088,0.189631,0.993084,0.251685,0.189675,0.00172008,2.00084,0.189717,
1.511,0.00751786,-0.00398866,0.189528,0.989928,0.252615,0.189591,0.00257896,2.00137,0.189651,
1.512,0.00981398,-0.00557457,0.189411,0.986731,0.253616,0.189493,0.00347028,2.00196,0.189579,
1.513,0.0120785,-0.00718559,0.189286,0.983572,0.254623,0.189387,0.00436301,2.00257,0.1895,
1.514,0.0143108,-0.00880404,0.189147,0.980442,0.255628,0.18927,0.0052548,2.00319,0.189413,
1.515,0.0164489,-0.0104369,0.189004,0.97743,0.256637,0.189147,0.00613669,2.00382,0.189318,
1.516,0.0184482,-0.0120836,0.188844,0.974562,0.257647,0.189009,0.00700268,2.00448,0.189215,
1.517,0.0203523,-0.0137421,0.188676,0.971804,0.258667,0.188863,0.00785265,2.00514,0.189105,
1.518,0.0218061,-0.0154311,0.188498,0.969568,0.259662,0.188701,0.00861528,2.00587,0.188986,
1.519,0.023145,-0.0171038,0.188308,0.967485,0.26061,0.188527,0.00934404,2.00661,0.18886,
1.52,0.0243581,-0.0187433,0.188108,0.965595,0.261471,0.188341,0.0100031,2.00741,0.188725,
1.521,0.0255637,-0.0203789,0.187899,0.96372,0.262326,0.188147,0.0106551,2.00822,0.188581,
1.522,0.0266378,-0.0218335,0.187679,0.962062,0.263019,0.187938,0.0112105,2.00899,0.188435,
1.523,0.0277102,-0.0232632,0.187454,0.960443,0.263716,0.187727,0.0117512,2.00977,0.18827,
1.524,0.028641,-0.0246083,0.187216,0.959013,0.264347,0.187501,0.0122391,2.01051,0.188101,
1.525,0.0294543,-0.0258586,0.186966,0.957748,0.264916,0.187264,0.0126769,2.01122,0.187923,
1.526,0.0300274,-0.0268884,0.186703,0.956824,0.265357,0.187011,0.0130061,2.01183,0.187734,
1.527,0.0302461,-0.0275711,0.186424,0.95641,0.265601,0.186742,0.0131741,2.0123,0.187536,
1.528,0.0303561,-0.0281372,0.186132,0.956158,0.265779,0.186459,0.0132843,2.01271,0.187325,
1.529,0.0303694,-0.028594,0.185831,0.956052,0.265894,0.186168,0.0133476,2.01308,0.187109,
1.53,0.0302897,-0.0289381,0.185517,0.956088,0.265947,0.185864,0.0133641,2.01339,0.186878,
1.531,0.0299571,-0.0289554,0.185189,0.956517,0.265817,0.185546,0.0132456,2.01356,0.186639,
1.532,0.0295753,-0.0289014,0.184848,0.957024,0.265645,0.185215,0.0130901,2.0137,0.186389,
1.533,0.0290808,-0.0286754,0.1845,0.957711,0.265368,0.184877,0.0128824,2.01377,0.186119,
1.534,0.0285569,-0.0283946,0.184131,0.958452,0.26506,0.18452,0.0126278,2.01382,0.185853,
1.535,0.0280207,-0.0280904,0.18376,0.959213,0.264741,0.18416,0.0123781,2.01386,0.18557,
1.536,0.0274475,-0.0277096,0.18338,0.960039,0.264388,0.183791,0.0121085,2.01386,0.185276,
1.537,0.026872,-0.0273189,0.182991,0.960871,0.26403,0.183413,0.0118359,2.01385,0.184973,
1.538,0.026312,-0.0268097,0.182593,0.961714,0.263611,0.183026,0.0115403,2.01379,0.184657,
1.539,0.0257977,-0.0261796,0.182186,0.962538,0.263128,0.182631,0.0112163,2.01367,0.184332,
1.54,0.0253387,-0.0254543,0.181771,0.963318,0.262608,0.182228,0.0108864,2.0135,0.183996,
1.541,0.0249133,-0.0246865,0.181349,0.964066,0.262078,0.181818,0.010557,2.0133,0.18365,
1.542,0.0245307,-0.0238755,0.180919,0.964771,0.26154,0.181402,0.0102322,2.01306,0.183294,
1.543,0.024182,-0.0230365,0.180483,0.965439,0.260999,0.180979,0.00991278,2.0128,0.182929,
1.544,0.0239433,-0.0221214,0.180041,0.965981,0.26046,0.180551,0.00961418,2.01247,0.182554,
1.545,0.0238972,-0.0211038,0.179597,0.966298,0.259934,0.180123,0.00935699,2.01202,0.182169,
1.546,0.0238875,-0.0200751,0.179147,0.966574,0.259411,0.179688,0.00910662,2.01156,0.181775,
1.547,0.0238864,-0.0190666,0.17869,0.966839,0.25889,0.179246,0.00885987,2.01112,0.181372,
1.548,0.0238879,-0.0180658,0.178223,0.9671,0.258372,0.178795,0.00861058,2.01069,0.180962,
1.549,0.0238896,-0.0170682,0.177748,0.967362,0.257853,0.178335,0.00836369,2.01026,0.180541,
1.55,0.0239102,-0.0162312,0.177269,0.967587,0.257357,0.177868,0.00813038,2.00997,0.180114,
1.551,0.0239457,-0.0155204,0.176793,0.967787,0.256892,0.1774,0.00792101,2.00979,0.179679,
1.552,0.0239881,-0.0149242,0.176309,0.967964,0.256457,0.176921,0.00772155,2.00969,0.179236,
1.553,0.0240376,-0.0145246,0.175821,0.968101,0.256084,0.176435,0.00755444,2.00972,0.178786,
1.554,0.024094,-0.0141825,0.175333,0.968224,0.255738,0.175948,0.00740358,2.00979,0.178325,
1.555,0.0241491,-0.0138961,0.174837,0.968333,0.255415,0.175454,0.00726751,2.00989,0.177861,
1.556,0.0242057,-0.0136747,0.174334,0.968425,0.255125,0.174952,0.00714389,2.01003,0.177388,
1.557,0.0242628,-0.0135018,0.173825,0.968504,0.254861,0.174443,0.00703487,2.01018,0.176908,
1.558,0.0243197,-0.0134543,0.173312,0.968548,0.254675,0.173932,0.00696423,2.01039,0.176418,
1.559,0.0243693,-0.0135212,0.17279,0.968556,0.254564,0.173412,0.00693185,2.01064,0.175918,
1.56,0.0244221,-0.0135916,0.172261,0.968563,0.254458,0.172885,0.00690053,2.01089,0.175411,
1.561,0.0244765,-0.0137244,0.171732,0.968548,0.254402,0.172358,0.00689475,2.01116,0.1749,
1.562,0.0245232,-0.0140778,0.171199,0.968459,0.254528,0.171831,0.00698184,2.01147,0.174379,
1.563,0.024548,-0.0144537,0.170656,0.968361,0.254649,0.17129,0.00707076,2.01179,0.173847,
1.564,0.024586,-0.0148698,0.170108,0.96825,0.254817,0.170747,0.00717833,2.01211,0.173309,
1.565,0.0246266,-0.0153431,0.169554,0.968118,0.255033,0.170199,0.00730928,2.01245,0.172763,
1.566,0.0246604,-0.015835,0.168993,0.96798,0.255255,0.169643,0.00744473,2.0128,0.172209,
1.567,0.0246974,-0.0163449,0.168424,0.967832,0.255507,0.169079,0.00759517,2.01314,0.171646,
1.568,0.0247307,-0.0168703,0.167849,0.967668,0.25579,0.16851,0.00776298,2.01346,0.171076,
1.569,0.0247646,-0.0173982,0.167265,0.967497,0.25609,0.167932,0.00793775,2.01377,0.170496,
1.57,0.0247948,-0.0179204,0.166674,0.967315,0.256415,0.167348,0.00812759,2.01404,0.16991,
1.571,0.024818,-0.0184146,0.166072,0.967126,0.256775,0.166757,0.00833337,2.01425,0.169312,
1.572,0.0248411,-0.0189012,0.165462,0.966936,0.257134,0.166158,0.00854025,2.01445,0.168708,
1.573,0.0248612,-0.0193601,0.164844,0.966753,0.257486,0.16555,0.0087456,2.01463,0.168096,
1.574,0.0248788,-0.0197901,0.164215,0.966579,0.257826,0.164932,0.00894548,2.01478,0.167475,
1.575,0.0248941,-0.0201864,0.163579,0.966416,0.258147,0.164305,0.00913706,2.01492,0.166847,
1.576,0.0249095,-0.0205706,0.162933,0.966258,0.258456,0.163668,0.00932471,2.01505,0.16621,
1.577,0.0249127,-0.0208135,0.162274,0.966172,0.258675,0.163019,0.00946158,2.01513,0.165567,
1.578,0.0249145,-0.0210226,0.161605,0.966098,0.258857,0.162356,0.00958514,2.0152,0.164915,
1.579,0.0249121,-0.0211964,0.160926,0.966043,0.259012,0.161683,0.00969123,2.01526,0.164255,
1.58,0.0249096,-0.0213472,0.160238,0.966,0.259142,0.161,0.0097865,2.01532,0.163587,
1.581,0.0249042,-0.0214602,0.159541,0.965979,0.259227,0.160304,0.00986421,2.01539,0.16291,
1.582,0.0248967,-0.0215339,0.158835,0.965982,0.259273,0.159598,0.00992002,2.01545,0.162226,
1.583,0.0248779,-0.0214819,0.158115,0.966067,0.259181,0.158874,0.00990815,2.01551,0.161535,
1.584,0.0248594,-0.0214114,0.157386,0.966161,0.259068,0.158136,0.00988571,2.01557,0.160835,
1.585,0.0248382,-0.021314,0.156648,0.966276,0.258925,0.157389,0.00984997,2.01563,0.160127,
1.586,0.024817,-0.0212028,0.155901,0.966398,0.258766,0.156632,0.00980518,2.0157,0.15941,
1.587,0.024793,-0.0210733,0.155145,0.966532,0.258582,0.155865,0.00975512,2.01577,0.158685,
1.588,0.0247672,-0.0209231,0.154379,0.966677,0.258376,0.155088,0.00969503,2.01583,0.157951,
1.589,0.0247397,-0.0207664,0.153605,0.966826,0.258161,0.154303,0.00963308,2.0159,0.157208,
1.59,0.0247098,-0.0206025,0.152823,0.96698,0.257937,0.153508,0.00957013,2.01596,0.156456,
1.591,0.0246789,-0.0204378,0.152031,0.967134,0.257712,0.152705,0.0095066,2.01603,0.155696,
1.592,0.0246451,-0.0202705,0.151232,0.967289,0.257482,0.151893,0.00944529,2.0161,0.154927,
1.593,0.0246105,-0.0201031,0.150426,0.967442,0.257249,0.151074,0.00938642,2.01617,0.15415,
1.594,0.0245747,-0.019939,0.14961,0.967593,0.257015,0.150246,0.00932854,2.01624,0.153364,
1.595,0.0245378,-0.0197784,0.148785,0.967742,0.256782,0.14941,0.00927241,2.01631,0.15257,
1.596,0.0245011,-0.0196287,0.147953,0.967883,0.256556,0.148567,0.0092217,2.01639,0.151767,
1.597,0.0244616,-0.0194831,0.147113,0.968022,0.256332,0.147717,0.00917421,2.01646,0.150955,
1.598,0.0244224,-0.0193493,0.146265,0.968151,0.256118,0.146859,0.00913393,2.01654,0.150135,
1.599,0.0243827,-0.0192269,0.14541,0.968272,0.255914,0.145993,0.0091007,2.01662,0.149307,
1.6,0.0243432,-0.0191106,0.144548,0.968388,0.255714,0.14512,0.00907031,2.0167,0.148471,
1.601,0.0243054,-0.0190177,0.14368,0.968484,0.255535,0.14424,0.00905425,2.01678,0.147625,
1.602,0.0242687,-0.0189348,0.142804,0.968574,0.255363,0.143353,0.00904249,2.01686,0.146772,
1.603,0.0242349,-0.0188736,0.141921,0.96865,0.255208,0.14246,0.00904169,2.01694,0.14591,
1.604,0.0242094,-0.0188807,0.141037,0.968679,0.255115,0.141564,0.00907629,2.01703,0.145038,
1.605,0.0241859,-0.0189015,0.140143,0.968701,0.255031,0.140662,0.00911545,2.01713,0.144157,
1.606,0.0241637,-0.0189381,0.139242,0.968716,0.254961,0.139752,0.00916248,2.01723,0.143268,
1.607,0.0241407,-0.0189934,0.138335,0.968722,0.254907,0.138837,0.00921955,2.01732,0.142371,
1.608,0.0241191,-0.0190731,0.137422,0.968718,0.254875,0.137917,0.009289,2.01743,0.141465,
1.609,0.0240969,-0.0191565,0.1365,0.968711,0.254846,0.136989,0.00936071,2.01753,0.140551,
1.61,0.0240735,-0.0192578,0.135573,0.968697,0.254831,0.136056,0.00944255,2.01763,0.139629,
1.611,0.0240506,-0.0193625,0.134636,0.968683,0.25482,0.135115,0.00952596,2.01774,0.138698,
1.612,0.0240268,-0.0194683,0.133692,0.968668,0.254807,0.134165,0.00961141,2.01784,0.137759,
1.613,0.0240001,-0.019582,0.132741,0.968656,0.254801,0.133211,0.00970286,2.01794,0.136813,
1.614,0.0239745,-0.0196965,0.13178,0.968642,0.254796,0.132248,0.009795,2.01805,0.135858,
1.615,0.0239471,-0.0198114,0.130812,0.968628,0.254788,0.131277,0.00988868,2.01815,0.134895,
1.616,0.0239176,-0.0199244,0.129835,0.968615,0.254776,0.130298,0.00998307,2.01825,0.133924,
1.617,0.0238861,-0.0200338,0.12885,0.968605,0.254758,0.129311,0.0100778,2.01835,0.132945,
1.618,0.0238505,-0.0201276,0.127857,0.96861,0.254726,0.128318,0.0101704,2.01844,0.13196,
1.619,0.0238156,-0.0202172,0.126855,0.968616,0.254689,0.127315,0.0102615,2.01854,0.130966,
1.62,0.0237802,-0.020306,0.125845,0.968622,0.254647,0.126304,0.0103538,2.01863,0.129963,
1.621,0.0237418,-0.0203853,0.124826,0.968632,0.254594,0.125285,0.0104444,2.01872,0.128954,
1.622,0.0237025,-0.0204515,0.123801,0.968651,0.254527,0.124259,0.0105326,2.0188,0.127937,
1.623,0.0236621,-0.0205122,0.122767,0.968673,0.254452,0.123224,0.0106206,2.01889,0.126913,
1.624,0.0236212,-0.0205683,0.121725,0.968698,0.25437,0.122182,0.0107095,2.01897,0.12588,
1.625,0.0235779,-0.0206062,0.120677,0.968736,0.254269,0.121133,0.0107978,2.01905,0.124842,
1.626,0.0235341,-0.0206285,0.119619,0.968783,0.254154,0.120076,0.0108771,2.01912,0.123795,
1.627,0.0234882,-0.020646,0.118555,0.968831,0.254029,0.119011,0.0109597,2.0192,0.122741,
1.628,0.0234418,-0.0206612,0.117482,0.96888,0.253899,0.117939,0.0110434,2.01927,0.12168,
1.629,0.0233942,-0.0206721,0.116402,0.968932,0.253763,0.11686,0.0111302,2.01934,0.120611,
1.63,0.0233455,-0.0206795,0.115314,0.968985,0.25362,0.115775,0.0112206,2.01942,0.119534,
1.631,0.0232962,-0.0206814,0.11422,0.969044,0.253473,0.114684,0.0113119,2.01948,0.118451,
1.632,0.0232451,-0.020679,0.113119,0.969105,0.253319,0.113587,0.0114076,2.01955,0.11736,
1.633,0.0231934,-0.0206708,0.112011,0.969171,0.253159,0.112483,0.0115052,2.01962,0.116262,
1.634,0.0231409,-0.0206591,0.110897,0.969238,0.252993,0.111373,0.0116052,2.01969,0.115158,
1.635,0.0230874,-0.020644,0.109775,0.969306,0.252822,0.110255,0.0117075,2.01975,0.114045,
1.636,0.0230327,-0.0206288,0.108647,0.969374,0.252649,0.109132,0.0118133,2.01982,0.112926,
1.637,0.0229767,-0.0206128,0.107512,0.969443,0.252471,0.108001,0.0119245,2.01988,0.1118,
1.638,0.02292,-0.020597,0.10637,0.969511,0.252292,0.106864,0.0120371,2.01994,0.110667,
1.639,0.022862,-0.020581,0.105222,0.969579,0.252111,0.105721,0.0121561,2.02001,0.109528,
1.64,0.0228031,-0.0205639,0.104069,0.969649,0.251928,0.104573,0.0122802,2.02007,0.108382,
1.641,0.0227433,-0.0205495,0.10291,0.969717,0.251743,0.103417,0.0124086,2.02014,0.107228,
1.642,0.0226827,-0.0205377,0.101743,0.969785,0.251558,0.102256,0.0125404,2.0202,0.106068,
1.643,0.0226215,-0.0205281,0.100572,0.969852,0.251371,0.101088,0.0126774,2.02027,0.104901,
1.644,0.0225589,-0.02052,0.0993939,0.969918,0.251183,0.0999155,0.0128208,2.02033,0.103728,
1.645,0.0224958,-0.0205142,0.0982109,0.969985,0.250994,0.098737,0.012972,2.0204,0.102548,
1.646,0.0224332,-0.0205116,0.0970221,0.97005,0.250809,0.0975529,0.0131237,2.02046,0.101362,
1.647,0.0223684,-0.0205129,0.0958286,0.970114,0.250621,0.0963643,0.0132851,2.02053,0.10017,
1.648,0.0223032,-0.0205176,0.0946288,0.970177,0.250433,0.0951691,0.0134505,2.0206,0.0989703,
1.649,0.022238,-0.0205259,0.0934241,0.970239,0.250245,0.0939695,0.0136208,2.02066,0.0977651,
1.65,0.0221719,-0.0205369,0.0922137,0.970301,0.250058,0.0927642,0.0137973,2.02073,0.0965528,
1.651,0.0221054,-0.0205516,0.0909987,0.970363,0.24987,0.0915556,0.0139804,2.0208,0.095335,
1.652,0.0220392,-0.02057,0.0897789,0.970425,0.249684,0.0903421,0.01417,2.02086,0.0941104,
1.653,0.0219738,-0.0205946,0.0885536,0.970484,0.249499,0.0891253,0.0143673,2.02093,0.0928806,
1.654,0.0219076,-0.020622,0.0873228,0.970542,0.249311,0.0879031,0.0145709,2.021,0.0916444,
1.655,0.0218408,-0.0206519,0.0860864,0.970601,0.24912,0.0866777,0.014781,2.02107,0.0904031,
1.656,0.0217745,-0.020683,0.0848477,0.970666,0.248924,0.0854514,0.0150018,2.02113,0.0891573,
1.657,0.0217098,-0.0207165,0.0836069,0.970731,0.248729,0.0842221,0.0152281,2.0212,0.0879053,
1.658,0.0216454,-0.0207522,0.0823655,0.970798,0.24853,0.0829898,0.0154607,2.02126,0.0866487,
1.659,0.0215821,-0.0207903,0.0811245,0.970867,0.248326,0.0817559,0.015701,2.02133,0.0853874,
1.66,0.0215222,-0.0208304,0.0799011,0.970938,0.248119,0.0805213,0.0159488,2.02139,0.0841207,
1.661,0.021467,-0.0208757,0.0787067,0.971011,0.247909,0.0792875,0.0162027,2.02145,0.0828499,
1.662,0.0214196,-0.0209294,0.0775534,0.971088,0.247696,0.0780556,0.0164643,2.02151,0.0815742,
1.663,0.0213818,-0.0209886,0.0764561,0.971165,0.24748,0.0768249,0.0167329,2.02156,0.080294,
1.664,0.0213555,-0.0210566,0.0754239,0.971243,0.247261,0.0755979,0.0170084,2.02162,0.0790097,
1.665,0.0213421,-0.021133,0.0744741,0.971321,0.24704,0.0743758,0.0172904,2.02167,0.0777211,
1.666,0.0213431,-0.0212182,0.0736158,0.971399,0.246817,0.0731712,0.0175792,2.02172,0.0764287,
1.667,0.0213593,-0.0213026,0.0728607,0.971477,0.246595,0.0719964,0.0178743,2.02176,0.0751326,
1.668,0.0213869,-0.0214066,0.0721946,0.971553,0.246376,0.0708608,0.018176,2.02181,0.0738335,
1.669,0.0214267,-0.0215116,0.071635,0.971638,0.246168,0.0697854,0.0184833,2.02184,0.0725301,
1.67,0.0214766,-0.0216125,0.0711715,0.971717,0.245966,0.0687868,0.018796,2.02188,0.0712262,
1.671,0.0215319,-0.0217128,0.070796,0.971791,0.245778,0.0678718,0.0191123,2.02191,0.0699181,
1.672,0.0215944,-0.0218041,0.0704959,0.971866,0.245605,0.0670544,0.0194326,2.02194,0.0686068,
1.673,0.0216526,-0.0218978,0.0702413,0.971937,0.245444,0.0663289,0.0197563,2.02197,0.0672951,
1.674,0.0217126,-0.0219774,0.0700325,0.972021,0.245297,0.0657227,0.0200833,2.022,0.0659811,
1.675,0.021764,-0.0220526,0.0698529,0.972105,0.245156,0.0652136,0.0204118,2.02204,0.0646687,
1.676,0.0218092,-0.0221165,0.0696952,0.97221,0.245023,0.0648059,0.0207404,2.02207,0.0633583,
1.677,0.0218469,-0.0221724,0.0695582,0.972326,0.244894,0.0644872,0.0210662,2.02211,0.0620537,
1.678,0.0218711,-0.0222187,0.0694303,0.972456,0.244758,0.0642404,0.0213877,2.02216,0.0607663,
1.679,0.0218823,-0.0222517,0.0693085,0.972611,0.244613,0.0640522,0.0216971,2.02222,0.0595024,
1.68,0.0218883,-0.0222732,0.0691873,0.972794,0.244465,0.0639075,0.0219997,2.02229,0.0582884,
1.681,0.0218891,-0.0222904,0.0690637,0.972979,0.24431,0.0637841,0.0222875,2.02236,0.0571501,
1.682,0.0218858,-0.0223018,0.0689345,0.973172,0.244147,0.0636737,0.0225573,2.02245,0.056123,
1.683,0.0218804,-0.0223066,0.0687994,0.973374,0.243977,0.0635661,0.0228012,2.02255,0.0552318,
1.684,0.0218747,-0.0223058,0.0686588,0.973581,0.2438,0.0634591,0.0230192,2.02265,0.0544778,
1.685,0.0218696,-0.022298,0.0685135,0.973793,0.243618,0.063353,0.0232093,2.02275,0.0538609,
1.686,0.0218657,-0.0222835,0.0683636,0.974008,0.243432,0.0632439,0.0233741,2.02285,0.0533734,
1.687,0.0218638,-0.0222625,0.0682103,0.974224,0.243243,0.0631316,0.0235141,2.02294,0.0529931,
1.688,0.0218643,-0.0222337,0.0680504,0.974439,0.243054,0.0630205,0.0236382,2.02302,0.0527091,
1.689,0.021869,-0.0221939,0.0678858,0.974649,0.242866,0.062906,0.0237513,2.02308,0.0525,
1.69,0.0218769,-0.0221494,0.0677142,0.974857,0.242679,0.0627851,0.0238597,2.02312,0.0523427,
1.691,0.0218878,-0.0221028,0.0675347,0.97506,0.242493,0.0626581,0.0239704,2.02315,0.0522059,
1.692,0.0219031,-0.0220543,0.0673496,0.975258,0.242308,0.0625259,0.0240866,2.02318,0.0520848,
1.693,0.0219235,-0.0220048,0.0671624,0.975451,0.242126,0.0623873,0.0242059,2.02319,0.0519753,
1.694,0.0219492,-0.0219571,0.0669699,0.975639,0.241947,0.0622447,0.0243291,2.02319,0.051896,
1.695,0.0219799,-0.0219138,0.0667723,0.975823,0.241771,0.0620955,0.0244516,2.02318,0.0518538,
1.696,0.0220138,-0.0218731,0.0665716,0.976005,0.241597,0.0619398,0.0245649,2.02316,0.051884,
1.697,0.0220506,-0.0218352,0.0663668,0.976185,0.241424,0.061778,0.0246688,2.02313,0.0519823,
1.698,0.0220905,-0.0218041,0.0661568,0.976361,0.241253,0.0616116,0.0247627,2.02309,0.0521418,
1.699,0.0221332,-0.0217818,0.0659415,0.976536,0.241081,0.0614395,0.0248464,2.02304,0.0523509,
1.7,0.0221781,-0.0217687,0.0657182,0.97671,0.240911,0.0612615,0.02492,2.02299,0.0526025,
1.701,0.0222249,-0.0217619,0.0654881,0.976884,0.240741,0.0610771,0.0249841,2.02294,0.0528871,
1.702,0.0222734,-0.0217709,0.0652498,0.977056,0.240573,0.0608875,0.0250399,2.02288,0.053197,
1.703,0.0223242,-0.0218012,0.0650037,0.977228,0.240407,0.0606918,0.0250879,2.02284,0.0535263,
1.704,0.0223756,-0.0218449,0.0647488,0.977399,0.240243,0.060491,0.0251312,2.02281,0.0538665,
1.705,0.0224296,-0.0219107,0.0644865,0.977568,0.240084,0.0602849,0.0251708,2.02279,0.054214,
1.706,0.0224845,-0.0219936,0.0642153,0.977735,0.239929,0.0600723,0.0252083,2.02278,0.0545674,
1.707,0.0225417,-0.0220879,0.0639363,0.977901,0.239778,0.0598543,0.0252435,2.02278,0.0549223,
1.708,0.0226006,-0.0221952,0.0636489,0.978064,0.239632,0.0596315,0.0252767,2.02277,0.0552779,
1.709,0.0226613,-0.022315,0.0633531,0.978226,0.239491,0.0594041,0.0253091,2.02278,0.0556341,
1.71,0.0227237,-0.0224475,0.0630489,0.978387,0.239358,0.059175,0.0253401,2.02278,0.0559922,
1.711,0.0227886,-0.0225879,0.0627411,0.978548,0.239231,0.0589463,0.0253697,2.02278,0.0563517,
1.712,0.0228559,-0.0227363,0.0624288,0.978708,0.239112,0.0587195,0.0253987,2.02278,0.0567116,
1.713,0.0229259,-0.0228891,0.0621133,0.978867,0.238998,0.0584965,0.0254262,2.02278,0.0570719,
1.714,0.0229998,-0.0230472,0.0618027,0.979026,0.238895,0.0582801,0.0254543,2.02277,0.0574301,
1.715,0.0230803,-0.0232006,0.0615136,0.979187,0.238797,0.0580673,0.0254815,2.02276,0.057785,
1.716,0.0231664,-0.0233521,0.0612508,0.97935,0.238704,0.0578691,0.0255074,2.02275,0.0581348,
1.717,0.0232613,-0.0234923,0.0610224,0.979524,0.238622,0.0577067,0.0255324,2.02273,0.058479,
1.718,0.0233636,-0.0236259,0.0608326,0.979704,0.238551,0.0575894,0.0255566,2.02271,0.0588167,
1.719,0.0234737,-0.023751,0.0606907,0.97989,0.238493,0.0575273,0.0255789,2.02269,0.0591475,
1.72,0.0235928,-0.0238588,0.0605921,0.980095,0.238449,0.0575221,0.0255991,2.02267,0.0594705,
1.721,0.0237199,-0.0239534,0.0605344,0.980312,0.23842,0.0575737,0.0256171,2.02265,0.0597854,
1.722,0.0238549,-0.0240331,0.0605222,0.980539,0.238406,0.0576775,0.0256326,2.02263,0.060092,
1.723,0.0239967,-0.0240988,0.0605635,0.980772,0.238404,0.0578305,0.0256454,2.02261,0.0603898,
1.724,0.0241448,-0.0241458,0.0606595,0.981016,0.238411,0.0580258,0.0256547,2.0226,0.0606788,
1.725,0.0242956,-0.0241854,0.0607926,0.981261,0.238426,0.0582612,0.025661,2.02259,0.0609588,
1.726,0.0244516,-0.0242099,0.0609674,0.981519,0.238446,0.0585279,0.0256626,2.02258,0.0612299,
1.727,0.0246098,-0.0242274,0.0611747,0.981782,0.238467,0.0588157,0.0256589,2.02259,0.0614922,
1.728,0.0247685,-0.0242438,0.0614122,0.982041,0.23849,0.059118,0.0256521,2.0226,0.0617454,
1.729,0.0249306,-0.0242522,0.0616776,0.982308,0.238513,0.0594271,0.0256404,2.02262,0.0619898,
1.73,0.0250939,-0.0242598,0.0619565,0.982575,0.238535,0.059738,0.0256243,2.02264,0.0622251,
1.731,0.0252596,-0.0242671,0.062244,0.982842,0.238557,0.0600449,0.0256044,2.02267,0.0624513,
1.732,0.0254277,-0.0242741,0.0625301,0.98311,0.23858,0.06035,0.0255816,2.02271,0.0626682,
1.733,0.025598,-0.024281,0.0628112,0.983378,0.238604,0.060652,0.0255559,2.02274,0.0628759,
1.734,0.0257705,-0.0242876,0.0630875,0.983647,0.238631,0.0609496,0.0255272,2.02278,0.0630744,
1.735,0.0259462,-0.0242946,0.06336,0.983921,0.238657,0.0612389,0.0254938,2.02283,0.0632637,
1.736,0.0261241,-0.0243077,0.0636287,0.984195,0.238679,0.0615196,0.0254552,2.02288,0.0634433,
1.737,0.0263045,-0.0243221,0.0638935,0.984471,0.238699,0.0617927,0.0254124,2.02295,0.0636143,
1.738,0.0264855,-0.0243382,0.0641558,0.984746,0.238721,0.0620569,0.0253677,2.02301,0.0637756,
1.739,0.0266686,-0.0243535,0.0644125,0.985022,0.238745,0.0623123,0.0253201,2.02308,0.0639275,
1.74,0.0268531,-0.0243681,0.0646687,0.985298,0.23877,0.0625584,0.0252697,2.02314,0.0640699,
1.741,0.0270388,-0.0243818,0.0649207,0.985575,0.238798,0.062795,0.025217,2.02321,0.0642026,
1.742,0.0272253,-0.0243949,0.065169,0.985852,0.238829,0.063022,0.0251622,2.02328,0.0643257,
1.743,0.0274127,-0.0244054,0.0654139,0.986129,0.238863,0.0632392,0.0251054,2.02335,0.0644391,
1.744,0.0276022,-0.0244155,0.0656492,0.986407,0.2389,0.0634464,0.0250469,2.02341,0.0645427,
1.745,0.027794,-0.0244251,0.0658749,0.986685,0.238941,0.0636435,0.0249866,2.02348,0.0646367,
1.746,0.027988,-0.0244339,0.0660913,0.986963,0.238984,0.0638304,0.0249242,2.02354,0.0647211,
1.747,0.0281833,-0.0244415,0.0662979,0.987242,0.239033,0.0640073,0.0248601,2.0236,0.0647955,
1.748,0.0283799,-0.0244469,0.0664971,0.987522,0.239088,0.0641739,0.0247949,2.02365,0.0648596,
1.749,0.0285778,-0.0244513,0.0666888,0.987803,0.239147,0.0643305,0.0247284,2.02371,0.0649139,
1.75,0.0287779,-0.0244549,0.0668724,0.988084,0.239209,0.064477,0.0246599,2.02376,0.0649585,
1.751,0.0289791,-0.024457,0.0670472,0.988367,0.239275,0.0646137,0.0245895,2.02381,0.0649935,
1.752,0.0291811,-0.0244574,0.0672128,0.988651,0.239346,0.0647399,0.0245169,2.02386,0.0650204,
1.753,0.0293844,-0.0244572,0.0673693,0.988935,0.23942,0.0648557,0.0244424,2.0239,0.0650393,
1.754,0.0295877,-0.0244558,0.0675164,0.989222,0.239498,0.0649614,0.0243659,2.02394,0.0650501,
1.755,0.029792,-0.0244529,0.0676576,0.989511,0.23958,0.0650563,0.0242865,2.02398,0.0650518,
1.756,0.0299948,-0.024448,0.0677919,0.989804,0.239666,0.0651415,0.0242057,2.02402,0.0650485,
1.757,0.0301984,-0.0244425,0.0679182,0.990098,0.239756,0.0652161,0.024122,2.02406,0.0650392,
1.758,0.0304032,-0.024436,0.0680355,0.990395,0.239848,0.0652802,0.0240351,2.02409,0.0650219,
1.759,0.0306074,-0.0244295,0.0681431,0.990694,0.239943,0.065334,0.0239462,2.02412,0.0649972,
1.76,0.0308136,-0.0244225,0.0682418,0.990994,0.24004,0.0653771,0.023854,2.02416,0.0649644,
1.761,0.0310197,-0.0244155,0.0683312,0.991298,0.240139,0.0654096,0.0237586,2.02419,0.0649237,
1.762,0.0312277,-0.0244083,0.0684121,0.991603,0.24024,0.0654314,0.0236602,2.02422,0.0648772,
1.763,0.0314369,-0.0244008,0.0684846,0.99191,0.240343,0.0654427,0.0235588,2.02425,0.0648254,
1.764,0.031647,-0.0243933,0.0685489,0.992219,0.240447,0.0654432,0.0234538,2.02429,0.0647658,
1.765,0.0318593,-0.0243857,0.0686062,0.992531,0.240553,0.0654327,0.0233452,2.02432,0.064701,
1.766,0.0320722,-0.0243777,0.0686574,0.992844,0.24066,0.0654118,0.023234,2.02435,0.0646323,
1.767,0.0322876,-0.0243695,0.0687003,0.993159,0.240768,0.0653798,0.0231188,2.02439,0.0645584,
1.768,0.0325041,-0.0243612,0.068735,0.993477,0.240877,0.0653373,0.0230006,2.02442,0.0644804,
1.769,0.0327223,-0.0243527,0.0687621,0.993795,0.240988,0.0652839,0.0228794,2.02445,0.0643983,
1.77,0.0329421,-0.024344,0.0687821,0.994116,0.241099,0.0652197,0.0227548,2.02449,0.0643119,
1.771,0.0331637,-0.0243352,0.0687956,0.994439,0.241211,0.0651444,0.0226265,2.02452,0.0642211,
1.772,0.0333868,-0.0243258,0.0688057,0.994764,0.241323,0.0650582,0.0224948,2.02456,0.0641271,
1.773,0.0336124,-0.0243157,0.0688168,0.995091,0.241436,0.0649611,0.0223598,2.0246,0.0640298,
1.774,0.0338405,-0.0243029,0.0688347,0.995419,0.24155,0.0648533,0.022222,2.02464,0.0639275,
1.775,0.0340717,-0.0242879,0.0688547,0.995749,0.241665,0.0647345,0.0220806,2.02468,0.06382,
1.776,0.0343041,-0.0242715,0.0688773,0.996081,0.241782,0.0646049,0.0219366,2.02472,0.0637079,
1.777,0.0345386,-0.0242535,0.0689011,0.996413,0.2419,0.0644644,0.0217901,2.02476,0.0635905,
1.778,0.0347746,-0.0242339,0.0689226,0.996746,0.242021,0.0643132,0.0216411,2.0248,0.0634673,
1.779,0.0350117,-0.0242131,0.0689437,0.997081,0.242144,0.0641505,0.0214891,2.02484,0.0633384,
1.78,0.0352499,-0.0241915,0.0689625,0.997416,0.242269,0.0639775,0.021336,2.02488,0.0632052,
1.781,0.0354895,-0.0241701,0.0689782,0.997752,0.242397,0.0637935,0.0211804,2.02492,0.0630672,
1.782,0.0357299,-0.0241483,0.0689911,0.998088,0.242529,0.0635984,0.0210225,2.02496,0.0629259,
1.783,0.0359706,-0.0241265,0.0690012,0.998425,0.242662,0.0633925,0.0208644,2.025,0.0627862,
1.784,0.0362125,-0.0241046,0.0690059,0.998763,0.242799,0.0631761,0.0207043,2.02504,0.0626454,
1.785,0.0364551,-0.0240832,0.0690055,0.999101,0.242939,0.0629492,0.0205431,2.02508,0.0625039,
1.786,0.0366991,-0.0240617,0.0690006,0.999439,0.243082,0.0627122,0.0203811,2.02512,0.0623652,
1.787,0.0369438,-0.02404,0.0689924,0.999778,0.243228,0.0624654,0.0202181,2.02516,0.062227,
1.788,0.0371892,-0.0240179,0.0689784,1.00012,0.243376,0.0622089,0.0200546,2.0252,0.0620902,
1.789,0.0374353,-0.0239956,0.0689598,1.00046,0.243527,0.0619424,0.0198896,2.02523,0.0619534,
1.79,0.0376817,-0.0239733,0.0689391,1.0008,0.24368,0.0616661,0.0197231,2.02527,0.0618173,
1.791,0.0379285,-0.0239507,0.0689165,1.00114,0.243836,0.0613806,0.0195559,2.02531,0.0616814,
1.792,0.0381758,-0.0239281,0.0688908,1.00148,0.243994,0.0610862,0.0193877,2.02535,0.0615464,
1.793,0.0384234,-0.0239058,0.0688613,1.00182,0.244154,0.0607832,0.0192182,2.02539,0.0614123,
1.794,0.0386711,-0.0238834,0.0688273,1.00216,0.244316,0.0604725,0.0190487,2.02543,0.0612786,
1.795,0.0389186,-0.0238609,0.068791,1.0025,0.24448,0.060154,0.0188769,2.02547,0.0611448,
1.796,0.0391658,-0.0238374,0.0687582,1.00284,0.244645,0.0598291,0.0187053,2.02551,0.0610108,
1.797,0.0394129,-0.0238119,0.0687352,1.00318,0.244812,0.0594976,0.0185317,2.02555,0.0608787,
1.798,0.0396591,-0.0237847,0.0687197,1.00352,0.24498,0.0591607,0.0183565,2.0256,0.0607465,
1.799,0.0399039,-0.0237543,0.0687098,1.00386,0.245149,0.0588194,0.0181785,2.02564,0.0606102,
1.8,0.0401475,-0.0237225,0.0687065,1.00419,0.245319,0.0584747,0.0179974,2.02569,0.0604695,
1.801,0.0403889,-0.0236896,0.0687103,1.00453,0.24549,0.0581291,0.0178151,2.02573,0.0603303,
1.802,0.0406275,-0.0236556,0.0687204,1.00486,0.245662,0.0577846,0.017631,2.02578,0.0601929,
1.803,0.0408626,-0.0236201,0.0687343,1.00519,0.245835,0.0574422,0.0174443,2.02583,0.0600541,
1.804,0.0410944,-0.023583,0.0687506,1.00552,0.24601,0.0570978,0.0172551,2.02588,0.0599166,
1.805,0.0413231,-0.0235445,0.0687714,1.00585,0.246186,0.0567559,0.0170634,2.02593,0.0597822,
1.806,0.0415476,-0.0235052,0.0687959,1.00618,0.246362,0.0564175,0.0168703,2.02597,0.0596486,
1.807,0.0417679,-0.0234652,0.0688208,1.00651,0.24654,0.0560838,0.0166754,2.02602,0.059518,
1.808,0.0419843,-0.0234243,0.068845,1.00683,0.246718,0.0557557,0.0164779,2.02607,0.0593895,
1.809,0.0421973,-0.0233824,0.0688661,1.00716,0.246896,0.0554371,0.0162778,2.02611,0.0592643,
1.81,0.0424073,-0.0233401,0.0688827,1.00747,0.247074,0.0551309,0.0160756,2.02616,0.0591436,
1.811,0.0426134,-0.0232973,0.0688945,1.00779,0.247251,0.0548355,0.0158729,2.02621,0.0590261,
1.812,0.0428145,-0.0232548,0.0689024,1.0081,0.247429,0.054549,0.0156656,2.02626,0.0589112,
1.813,0.0430146,-0.0232137,0.0689066,1.00841,0.247603,0.0542748,0.0154582,2.02631,0.0587945,
1.814,0.0432101,-0.0231705,0.0689061,1.00871,0.247777,0.0540135,0.0152481,2.02636,0.0586768,
1.815,0.0433994,-0.0231275,0.0689025,1.009,0.247951,0.0537647,0.0150355,2.02641,0.0585544,
1.816,0.0435833,-0.0230834,0.0688957,1.00929,0.248125,0.0535287,0.0148207,2.02646,0.0584298,
1.817,0.0437622,-0.0230402,0.068886,1.00958,0.248298,0.0532964,0.0146028,2.02651,0.0583009,
1.818,0.0439377,-0.0229937,0.0688733,1.00986,0.24847,0.0530736,0.014383,2.02657,0.0581715,
1.819,0.0441083,-0.0229472,0.0688581,1.01014,0.248641,0.0528572,0.0141623,2.02662,0.0580418,
1.82,0.0442721,-0.0229007,0.0688405,1.01041,0.248813,0.0526485,0.0139391,2.02667,0.0579094,
1.821,0.04443,-0.0228531,0.0688202,1.01068,0.248984,0.0524472,0.0137127,2.02673,0.0577735,
1.822,0.0445863,-0.0228055,0.0687976,1.01093,0.24915,0.0522595,0.0134853,2.02678,0.0576355,
1.823,0.0447355,-0.0227568,0.0687744,1.01118,0.249316,0.0520805,0.0132547,2.02684,0.0574959,
1.824,0.0448792,-0.0227082,0.0687488,1.01143,0.249482,0.0519187,0.0130226,2.02689,0.0573557,
1.825,0.0450155,-0.0226591,0.0687202,1.01167,0.249648,0.0517721,0.012788,2.02695,0.0572139,
1.826,0.0451456,-0.0226103,0.0686892,1.0119,0.249813,0.0516474,0.0125518,2.02701,0.057071,
1.827,0.0452672,-0.0225605,0.0686557,1.01213,0.24998,0.0515558,0.0123125,2.02706,0.0569268,
1.828,0.0453825,-0.0225104,0.0686192,1.01235,0.250146,0.0514961,0.0120737,2.02712,0.0567819,
1.829,0.045488,-0.0224615,0.0685795,1.01256,0.250312,0.0514673,0.0118321,2.02718,0.0566362,
1.83,0.0455849,-0.0224128,0.0685367,1.01276,0.250478,0.0514713,0.011588,2.02723,0.0564904,
1.831,0.0456742,-0.022364,0.0684909,1.01295,0.250641,0.0515077,0.0113424,2.02729,0.0563453,
1.832,0.0457541,-0.0223158,0.0684445,1.01312,0.250802,0.0515734,0.0110943,2.02735,0.0562027,
1.833,0.0458242,-0.0222674,0.0683974,1.01329,0.250961,0.0516645,0.0108451,2.0274,0.0560639,
1.834,0.0458835,-0.0222194,0.0683503,1.01345,0.251119,0.05178,0.0105962,2.02746,0.0559313,
1.835,0.04593,-0.0221732,0.0683034,1.01359,0.251273,0.0519111,0.0103448,2.02752,0.0558028,
1.836,0.0459671,-0.0221273,0.0682585,1.01373,0.251412,0.0520528,0.010085,2.02758,0.0556781,
1.837,0.0459988,-0.0220772,0.0682142,1.01386,0.251547,0.0522072,0.0098244,2.02764,0.055557,
1.838,0.0460165,-0.0220267,0.0681741,1.01398,0.25168,0.0523695,0.0095615,2.02771,0.0554362,
1.839,0.0460236,-0.0219732,0.0681364,1.01411,0.251809,0.0525373,0.00929555,2.02778,0.0553158,
1.84,0.0460174,-0.021919,0.0681009,1.01423,0.251937,0.0527111,0.00902828,2.02785,0.0551958,
1.841,0.0459996,-0.0218637,0.0680661,1.01434,0.25206,0.0528889,0.00875606,2.02792,0.0550718,
1.842,0.0459739,-0.0218026,0.0680313,1.01444,0.252175,0.0530687,0.00847895,2.02799,0.0549452,
1.843,0.0459359,-0.0217398,0.0679998,1.01454,0.252289,0.0532544,0.00819863,2.02806,0.0548163,
1.844,0.0458862,-0.0216751,0.0679718,1.01463,0.252402,0.0534443,0.00791594,2.02813,0.0546853,
1.845,0.0458257,-0.0216079,0.0679484,1.01471,0.252511,0.0536374,0.00763093,2.02819,0.0545551,
1.846,0.0457511,-0.0215388,0.0679295,1.01478,0.252618,0.0538329,0.00734448,2.02826,0.0544277,
1.847,0.0456681,-0.0214679,0.0679113,1.01485,0.252724,0.0540306,0.0070553,2.02833,0.0543033,
1.848,0.0455728,-0.0213955,0.0678994,1.01492,0.252828,0.0542294,0.0067645,2.0284,0.0541845,
1.849,0.0454697,-0.0213206,0.0678897,1.01497,0.252927,0.0544292,0.00647105,2.02847,0.0540731,
1.85,0.0453563,-0.0212426,0.0678836,1.01501,0.253025,0.0546293,0.00617638,2.02854,0.0539701,
1.851,0.0452337,-0.0211621,0.0678841,1.01505,0.253122,0.0548275,0.00588189,2.02861,0.053876,
1.852,0.0451008,-0.0210784,0.0678889,1.01509,0.253217,0.0550238,0.00558641,2.02869,0.0537907,
1.853,0.0449605,-0.0209925,0.0678963,1.01512,0.253312,0.0552171,0.00529163,2.02877,0.053713,
1.854,0.0448132,-0.0209025,0.0679078,1.01514,0.253404,0.0554086,0.0049962,2.02885,0.0536427,
1.855,0.0446631,-0.0208085,0.0679257,1.01515,0.253493,0.0555962,0.00470119,2.02892,0.0535784,
1.856,0.0445042,-0.0207109,0.0679451,1.01516,0.253581,0.0557818,0.00440667,2.029,0.0535203,
1.857,0.0443419,-0.0206083,0.0679696,1.01516,0.253666,0.0559642,0.00411268,2.02908,0.0534683,
1.858,0.0441756,-0.0205013,0.0679944,1.01514,0.253748,0.0561438,0.00382015,2.02916,0.0534239,
1.859,0.0440032,-0.0203916,0.0680185,1.01513,0.253828,0.0563205,0.00352914,2.02924,0.0533877,
1.86,0.0438249,-0.0202785,0.0680405,1.0151,0.253906,0.0564946,0.00324057,2.02933,0.0533599,
1.861,0.043639,-0.0201639,0.0680606,1.01507,0.253983,0.0566662,0.00295443,2.02941,0.0533425,
1.862,0.0434469,-0.0200472,0.0680778,1.01504,0.254057,0.0568354,0.00267155,2.0295,0.0533352,
1.863,0.0432485,-0.0199292,0.0680917,1.015,0.254129,0.0570016,0.00239242,2.02959,0.0533392,
1.864,0.043044,-0.0198095,0.0681021,1.01495,0.254199,0.0571655,0.00211775,2.02969,0.053354,
1.865,0.0428347,-0.0196882,0.0681081,1.0149,0.254266,0.0573279,0.00184767,2.02978,0.0533796,
1.866,0.0426199,-0.019565,0.0681099,1.01484,0.25433,0.0574897,0.00158247,2.02989,0.0534176,
1.867,0.0424029,-0.0194374,0.0681072,1.01477,0.25439,0.0576512,0.00132395,2.02999,0.0534649,
1.868,0.0421831,-0.0193081,0.068101,1.01469,0.254448,0.0578094,0.00107018,2.0301,0.0535216,
1.869,0.0419577,-0.0191758,0.0680912,1.01462,0.254503,0.0579672,0.000823051,2.0302,0.0535873,
1.87,0.0417269,-0.0190404,0.0680789,1.01454,0.254554,0.0581231,0.000583152,2.03031,0.0536607,
1.871,0.0414904,-0.0189031,0.068062,1.01445,0.254604,0.0582768,0.000350546,2.03043,0.0537413,
1.872,0.0412479,-0.0187639,0.0680402,1.01436,0.254649,0.0584288,0.000126212,2.03054,0.0538285,
1.873,0.0410002,-0.0186235,0.0680131,1.01427,0.254691,0.0585787,-8.91735e-05,2.03067,0.0539213,
1.874,0.0407484,-0.0184813,0.0679813,1.01417,0.254729,0.0587268,-0.000294384,2.03079,0.0540188,
1.875,0.0404918,-0.0183389,0.0679411,1.01407,0.254764,0.0588714,-0.000492346,2.03091,0.0541242,
1.876,0.0402292,-0.0181922,0.0678938,1.01396,0.254795,0.0590142,-0.000680384,2.03104,0.0542357,
1.877,0.0399607,-0.0180426,0.067838,1.01386,0.254823,0.059155,-0.00085815,2.03117,0.0543526,
1.878,0.0396866,-0.0178919,0.0677749,1.01375,0.254847,0.0592942,-0.00102708,2.0313,0.0544736,
1.879,0.0394068,-0.0177392,0.0677038,1.01364,0.254867,0.0594317,-0.0011855,2.03143,0.0545988,
1.88,0.0391203,-0.0175857,0.0676265,1.01353,0.254882,0.0595679,-0.0013328,2.03156,0.0547281,
1.881,0.0388286,-0.0174312,0.0675431,1.01342,0.254894,0.0597019,-0.0014707,2.03169,0.0548599,
1.882,0.0385305,-0.0172754,0.0674532,1.0133,0.254901,0.059835,-0.00159595,2.03183,0.0549994,
1.883,0.0382278,-0.0171184,0.0673566,1.01319,0.254904,0.059965,-0.00171213,2.03197,0.0551432,
1.884,0.0379197,-0.0169596,0.0672526,1.01308,0.254903,0.0600937,-0.00181594,2.03211,0.0552922,
1.885,0.0376053,-0.0167977,0.0671392,1.01297,0.254895,0.0602213,-0.00190674,2.03225,0.0554453,
1.886,0.0372883,-0.016636,0.0670191,1.01285,0.254883,0.0603448,-0.00198939,2.03239,0.0555998,
1.887,0.0369677,-0.0164733,0.0668902,1.01274,0.254868,0.0604661,-0.00206076,2.03253,0.0557565,
1.888,0.0366435,-0.0163095,0.0667513,1.01262,0.254847,0.0605863,-0.00212,2.03268,0.0559147,
1.889,0.0363159,-0.0161445,0.0666023,1.01251,0.254822,0.060704,-0.00216825,2.03282,0.0560725,
1.89,0.0359854,-0.0159785,0.066444,1.01239,0.25479,0.0608205,-0.00220342,2.03297,0.0562317,
1.891,0.0356527,-0.0158113,0.0662777,1.01228,0.254755,0.0609332,-0.00222851,2.03311,0.05639,
1.892,0.0353175,-0.0156419,0.0661028,1.01217,0.254713,0.0610448,-0.00223982,2.03326,0.0565496,
1.893,0.0349804,-0.015471,0.0659184,1.01205,0.254666,0.0611529,-0.00224227,2.03341,0.0567074,
1.894,0.0346426,-0.015298,0.0657268,1.01194,0.254613,0.0612639,-0.00223102,2.03356,0.0568665,
1.895,0.0343043,-0.0151243,0.0655281,1.01184,0.254556,0.0613775,-0.00220957,2.03371,0.057024,
1.896,0.0339657,-0.0149495,0.0653266,1.01173,0.254495,0.0614924,-0.00217577,2.03386,0.0571808,
1.897,0.0336277,-0.0147742,0.0651235,1.01163,0.254429,0.0616081,-0.00213039,2.03401,0.0573364,
1.898,0.0332914,-0.0145982,0.064919,1.01153,0.254358,0.0617256,-0.00207241,2.03416,0.0574911,
1.899,0.0329589,-0.0144209,0.0647221,1.01143,0.254283,0.0618482,-0.00200289,2.03431,0.057644,
1.9,0.0326311,-0.014242,0.0645348,1.01134,0.254204,0.061976,-0.00192135,2.03446,0.0577958,
1.901,0.0323088,-0.014065,0.0643576,1.01126,0.25412,0.0621081,-0.00182628,2.03461,0.057946,
1.902,0.0319936,-0.0138853,0.0641986,1.01118,0.254031,0.0622443,-0.0017201,2.03477,0.0580931,
1.903,0.031685,-0.0137053,0.0640593,1.01111,0.253939,0.0623845,-0.00160153,2.03492,0.0582372,
1.904,0.031384,-0.0135324,0.0639305,1.01104,0.253838,0.062529,-0.00146724,2.03507,0.0583796,
1.905,0.0310874,-0.0133584,0.0638149,1.01097,0.253735,0.0626763,-0.00132346,2.03522,0.058517,
1.906,0.0307967,-0.013183,0.0637133,1.01091,0.253627,0.0628269,-0.00116599,2.03538,0.0586513,
1.907,0.0305125,-0.0130107,0.0636232,1.01085,0.253513,0.06298,-0.000995253,2.03553,0.0587822,
1.908,0.0302343,-0.0128427,0.0635382,1.01079,0.253393,0.0631353,-0.000810958,2.03568,0.0589094,
1.909,0.0299617,-0.0126756,0.0634616,1.01074,0.253266,0.0632925,-0.00061353,2.03583,0.0590329,
1.91,0.0296936,-0.0125108,0.0633863,1.0107,0.253133,0.0634507,-0.000404425,2.03599,0.0591516,
1.911,0.0294297,-0.0123461,0.0633133,1.01066,0.252997,0.0636131,-0.000181723,2.03614,0.059266,
1.912,0.029169,-0.0121819,0.0632395,1.01062,0.252857,0.0637791,5.39131e-05,2.03628,0.0593752,
1.913,0.0289134,-0.0120194,0.0631696,1.01058,0.252714,0.0639526,0.00030342,2.03643,0.0594795,
1.914,0.0286644,-0.0118597,0.0631037,1.01056,0.252567,0.064128,0.00056719,2.03658,0.0595786,
1.915,0.0284216,-0.0117033,0.0630332,1.01054,0.252415,0.0643105,0.000844345,2.03672,0.0596723,
1.916,0.0281838,-0.0115468,0.0629593,1.01053,0.252261,0.0645042,0.0011348,2.03686,0.0597598,
1.917,0.0279507,-0.0113906,0.0628826,1.01053,0.252102,0.0647027,0.00143825,2.037,0.059841,
1.918,0.0277224,-0.0112333,0.0628034,1.01054,0.251939,0.0649035,0.00175389,2.03714,0.0599156,
1.919,0.0274993,-0.0110759,0.0627171,1.01055,0.251771,0.0651099,0.00208409,2.03727,0.0599838,
1.92,0.0272782,-0.010916,0.0626211,1.01056,0.2516,0.0653204,0.00242482,2.03741,0.0600445,
1.921,0.0270595,-0.0107545,0.062516,1.01058,0.251423,0.0655306,0.00277731,2.03754,0.0600978,
1.922,0.0268433,-0.0105917,0.062402,1.0106,0.251241,0.0657387,0.00314124,2.03767,0.0601434,
1.923,0.0266326,-0.0104272,0.0622799,1.01063,0.25105,0.0659456,0.00351931,2.0378,0.0601816,
1.924,0.0264225,-0.0102624,0.0621472,1.01067,0.250855,0.0661476,0.00390466,2.03793,0.0602122,
1.925,0.026215,-0.0100977,0.0620038,1.0107,0.250654,0.0663469,0.00430035,2.03806,0.0602345,
1.926,0.0260085,-0.00993412,0.0618498,1.01074,0.250447,0.0665425,0.00470655,2.03819,0.0602482,
1.927,0.0258017,-0.00977345,0.0616849,1.01078,0.250233,0.0667338,0.00512299,2.03831,0.0602531,
1.928,0.0255952,-0.00961674,0.061511,1.01083,0.250013,0.0669202,0.00554753,2.03843,0.0602488,
1.929,0.0253883,-0.00946499,0.0613312,1.01088,0.249788,0.0671019,0.00598137,2.03856,0.0602354,
1.93,0.0251854,-0.00931714,0.061149,1.01093,0.249557,0.0672776,0.00642378,2.03868,0.0602126,
1.931,0.0249885,-0.00917348,0.0609654,1.01099,0.249321,0.0674479,0.00687478,2.03879,0.0601806,
1.932,0.0247977,-0.00903257,0.0607793,1.01105,0.24908,0.0676125,0.00733336,2.03891,0.060139,
1.933,0.0246127,-0.00889472,0.0605912,1.01112,0.248834,0.067771,0.00779937,2.03902,0.060088,
1.934,0.0244326,-0.00876102,0.0604026,1.01118,0.248584,0.0679233,0.00827369,2.03913,0.0600272,
1.935,0.0242681,-0.00862957,0.0602283,1.01125,0.248329,0.06807,0.0087555,2.03923,0.0599568,
1.936,0.0241034,-0.00849987,0.0600523,1.01133,0.248072,0.0682098,0.00924287,2.03934,0.0598766,
1.937,0.0239404,-0.00837143,0.0598761,1.01141,0.247811,0.0683442,0.00973717,2.03943,0.0597872,
1.938,0.0237769,-0.00823904,0.0596974,1.01149,0.247548,0.0684712,0.0102362,2.03952,0.0596874,
1.939,0.0236173,-0.00810609,0.0595162,1.01158,0.24728,0.0685922,0.0107408,2.03961,0.0595805,
1.94,0.0234554,-0.00797371,0.0593261,1.01167,0.24701,0.0687075,0.0112503,2.0397,0.059466,
1.941,0.0232946,-0.00783947,0.0591311,1.01177,0.246737,0.0688165,0.0117645,2.03978,0.0593437,
1.942,0.0231344,-0.00770128,0.0589305,1.01187,0.246462,0.0689192,0.0122834,2.03986,0.0592134,
1.943,0.0229746,-0.00755795,0.0587262,1.01197,0.246185,0.0690159,0.0128066,2.03994,0.059075,
1.944,0.0228161,-0.00741062,0.058519,1.01208,0.245906,0.0691058,0.0133335,2.04001,0.0589282,
1.945,0.0226603,-0.00726159,0.0583078,1.01219,0.245625,0.0691889,0.0138638,2.04008,0.0587729,
1.946,0.0225069,-0.00711613,0.0580943,1.01231,0.245341,0.0692666,0.0143981,2.04015,0.058609,
1.947,0.022356,-0.00696964,0.0578813,1.01242,0.245056,0.0693364,0.0149353,2.04022,0.0584363,
1.948,0.0222077,-0.00682605,0.0576694,1.01254,0.244769,0.0694001,0.0154758,2.04029,0.0582548,
1.949,0.0220605,-0.00668689,0.0574595,1.01267,0.244482,0.0694569,0.0160196,2.04036,0.0580644,
1.95,0.0219116,-0.00654915,0.0572472,1.01279,0.244193,0.069507,0.0165661,2.04042,0.0578646,
1.951,0.0217622,-0.00641381,0.0570366,1.01292,0.243903,0.06955,0.0171117,2.04049,0.05766,
1.952,0.0216119,-0.00628058,0.056827,1.01305,0.243612,0.0695858,0.0176528,2.04055,0.0574539,
1.953,0.0214621,-0.00614984,0.0566207,1.01318,0.24332,0.0696144,0.0181908,2.04061,0.0572448,
1.954,0.0213133,-0.00602293,0.0564199,1.01331,0.243028,0.0696359,0.0187259,2.04067,0.0570334,
1.955,0.0211656,-0.00589968,0.0562256,1.01344,0.242737,0.0696498,0.0192601,2.04072,0.0568167,
1.956,0.0210186,-0.00577729,0.0560387,1.01357,0.242445,0.0696557,0.019794,2.04078,0.0565934,
1.957,0.0208738,-0.0056634,0.0558606,1.0137,0.242154,0.0696542,0.020328,2.04083,0.0563632,
1.958,0.0207316,-0.00555242,0.0556921,1.01384,0.241863,0.0696445,0.0208632,2.04087,0.0561284,
1.959,0.0205914,-0.00544767,0.0555318,1.01397,0.241574,0.0696258,0.0213973,2.04091,0.0558897,
1.96,0.0204534,-0.005348,0.0553791,1.0141,0.241286,0.0695975,0.0219313,2.04095,0.0556464,
1.961,0.0203182,-0.00525346,0.0552369,1.01423,0.241,0.0695598,0.0224662,2.04099,0.0553968,
1.962,0.0201853,-0.00516401,0.0551035,1.01436,0.240717,0.0695134,0.0230016,2.04102,0.0551402,
1.963,0.0200549,-0.0050833,0.0549749,1.01448,0.240428,0.0694525,0.0235369,2.04106,0.0548794,
1.964,0.0199256,-0.00500041,0.0548536,1.0146,0.240133,0.0693781,0.024072,2.04109,0.0546173,
1.965,0.0197988,-0.00492125,0.0547374,1.01472,0.239833,0.0692917,0.0246067,2.04112,0.0543537,
1.966,0.0196738,-0.00484668,0.0546245,1.01484,0.239528,0.0691918,0.0251402,2.04115,0.0540928,
1.967,0.0195495,-0.00477249,0.0545138,1.01496,0.239223,0.0690829,0.0256721,2.04118,0.0538369,
1.968,0.0194254,-0.00470084,0.0544038,1.01508,0.238921,0.0689647,0.0262021,2.04121,0.053585,
1.969,0.0193008,-0.00463014,0.0542919,1.01519,0.238622,0.0688368,0.0267292,2.04122,0.0533395,
1.97,0.0191758,-0.00455801,0.0541795,1.01532,0.238323,0.0686994,0.0272529,2.04124,0.0531028,
1.971,0.0190513,-0.00448795,0.0540652,1.01544,0.238023,0.0685519,0.0277728,2.04125,0.0528762,
1.972,0.0189267,-0.00441874,0.0539481,1.01556,0.237724,0.0683937,0.0282875,2.04126,0.0526609,
1.973,0.0188014,-0.00434769,0.0538283,1.01568,0.237425,0.0682256,0.0287975,2.04127,0.0524649,
1.974,0.0186754,-0.00427474,0.0537056,1.0158,0.237128,0.0680474,0.0293018,2.04127,0.0522891,
1.975,0.0185495,-0.00420137,0.0535829,1.01593,0.236832,0.0678596,0.0298011,2.04128,0.0521306,
1.976,0.0184239,-0.00412821,0.0534603,1.01605,0.236536,0.0676617,0.030295,2.04128,0.0519905,
1.977,0.0182988,-0.0040554,0.0533401,1.01617,0.236242,0.0674538,0.0307827,2.04127,0.0518701,
1.978,0.0181743,-0.00398303,0.0532203,1.0163,0.235949,0.0672357,0.0312651,2.04127,0.051766,
1.979,0.0180505,-0.00391114,0.0531016,1.01642,0.235657,0.0670075,0.0317372,2.04127,0.0516867,
1.98,0.0179277,-0.0038401,0.052985,1.01654,0.235367,0.0667692,0.0321949,2.04126,0.0516375,
1.981,0.0178062,-0.00376978,0.0528724,1.01667,0.235078,0.0665212,0.0326385,2.04126,0.0516271,
1.982,0.0176855,-0.003701,0.0527655,1.01679,0.234793,0.0662633,0.0330676,2.04126,0.0516466,
1.983,0.017567,-0.0036336,0.052668,1.01691,0.234504,0.0659982,0.0334857,2.04126,0.051702,
1.984,0.0174513,-0.00356908,0.0525869,1.01704,0.234213,0.0657257,0.0338946,2.04126,0.0517811,
1.985,0.017337,-0.00350471,0.0525212,1.01715,0.23392,0.0654482,0.034294,2.04126,0.0518703,
1.986,0.0172204,-0.00343762,0.0524688,1.01727,0.233628,0.0651681,0.0346858,2.04125,0.0519629,
1.987,0.0171088,-0.00337795,0.0524369,1.01738,0.233329,0.0648795,0.0350752,2.04124,0.0520665,
1.988,0.0169983,-0.00331959,0.0524176,1.01749,0.233023,0.0645876,0.035465,2.04123,0.0521719,
1.989,0.016888,-0.00326153,0.0524075,1.01759,0.232709,0.0642945,0.0358538,2.04122,0.0522765,
1.99,0.0167758,-0.00320443,0.0524037,1.01769,0.232383,0.0640073,0.0362408,2.0412,0.0523803,
1.991,0.0166643,-0.0031509,0.0524035,1.01778,0.232043,0.0637229,0.0366244,2.04118,0.0524839,
1.992,0.0165472,-0.00309866,0.0524154,1.01787,0.231705,0.0634412,0.0370069,2.04114,0.0525849,
1.993,0.0164289,-0.00304863,0.0524325,1.01796,0.231369,0.0631582,0.0373905,2.04111,0.0526834,
1.994,0.0163092,-0.0030021,0.0524528,1.01804,0.23103,0.0628716,0.0377717,2.04106,0.0527797,
1.995,0.016188,-0.00295873,0.0524785,1.01812,0.230693,0.0625805,0.038153,2.04102,0.0528713,
1.996,0.0160593,-0.00291793,0.0525075,1.01821,0.230363,0.0622856,0.0385351,2.04096,0.0529592,
1.997,0.0159177,-0.0028793,0.052532,1.0183,0.230047,0.061986,0.0389246,2.0409,0.0530415,
1.998,0.0157659,-0.00284531,0.0525584,1.0184,0.229741,0.0616772,0.0393189,2.04083,0.0531208,
1.999,0.0156146,-0.00281275,0.0525801,1.01849,0.22944,0.0613621,0.0397135,2.04076,0.0531977,
2,0.0154584,-0.00278017,0.0526016,1.0186,0.229145,0.0610399,0.04011,2.04069,0.0532697,
2.001,0.0152937,-0.00275261,0.0526195,1.01872,0.22886,0.0607119,0.0405084,2.04061,0.0533378,
2.002,0.0151292,-0.00272717,0.0526413,1.01883,0.228578,0.0603773,0.0409078,2.04053,0.0534033,
2.003,0.0149602,-0.00270145,0.052663,1.01895,0.228302,0.0600378,0.0413094,2.04045,0.0534642,
2.004,0.0147935,-0.00268275,0.0526868,1.01907,0.228031,0.0596887,0.0417095,2.04037,0.0535247,
2.005,0.0146276,-0.00266179,0.0527108,1.01919,0.227762,0.0593312,0.0421085,2.04029,0.0535865,
2.006,0.0144642,-0.00264012,0.0527331,1.01931,0.227493,0.0589637,0.0425062,2.04022,0.0536464,
2.007,0.0143043,-0.00261806,0.0527561,1.01943,0.227226,0.0585877,0.0428985,2.04015,0.0537181,
2.008,0.014148,-0.0025939,0.052779,1.01954,0.226961,0.0582036,0.0432857,2.04008,0.0537966,
2.009,0.0139964,-0.00256884,0.0528018,1.01966,0.2267,0.0578206,0.0436656,2.04002,0.0538911,
2.01,0.0138498,-0.00254278,0.0528258,1.01977,0.226442,0.0574374,0.0440394,2.03997,0.0539973,
2.011,0.0137103,-0.0025161,0.0528511,1.01989,0.226186,0.0570579,0.044409,2.03992,0.0541083,
2.012,0.0135773,-0.00248599,0.0528761,1.02,0.225931,0.0566811,0.0447768,2.03987,0.0542171,
2.013,0.0134528,-0.00245614,0.0529089,1.02011,0.225676,0.0563048,0.0451424,2.03983,0.054323,
2.014,0.0133363,-0.00242385,0.0529486,1.02022,0.225422,0.0559306,0.0455062,2.03979,0.0544259,
2.015,0.0132271,-0.00238777,0.0529901,1.02033,0.22517,0.0555621,0.0458672,2.03975,0.0545297,
2.016,0.0131254,-0.00234829,0.0530344,1.02044,0.224921,0.0552,0.0462255,2.03972,0.0546342,
2.017,0.013032,-0.00230701,0.0530783,1.02055,0.224675,0.0548486,0.0465819,2.03968,0.0547397,
2.018,0.012946,-0.00226353,0.053123,1.02066,0.224433,0.0545127,0.0469366,2.03965,0.0548443,
2.019,0.0128658,-0.00221629,0.0531632,1.02076,0.224198,0.0541994,0.0472897,2.03962,0.0549448,
2.02,0.0127917,-0.00216959,0.0532025,1.02087,0.223969,0.0539152,0.0476407,2.03959,0.0550442,
2.021,0.0127242,-0.00212082,0.053237,1.02098,0.223747,0.0536627,0.04799,2.03956,0.0551387,
2.022,0.012663,-0.0020705,0.0532673,1.02108,0.223534,0.0534457,0.0483377,2.03953,0.0552271,
2.023,0.0126048,-0.00201849,0.0532928,1.02119,0.223331,0.0532585,0.0486823,2.0395,0.0553076,
2.024,0.0125503,-0.00196599,0.0533168,1.0213,0.223133,0.0531045,0.0490255,2.03947,0.0553815,
2.025,0.0124957,-0.00191317,0.0533377,1.02142,0.222941,0.0529799,0.0493657,2.03945,0.055447,
2.026,0.0124395,-0.00185949,0.0533574,1.02154,0.222753,0.0528819,0.049703,2.03942,0.0555037,
2.027,0.0123894,-0.00180468,0.0533749,1.02167,0.222569,0.0528028,0.0500396,2.0394,0.0555503,
2.028,0.012343,-0.00174794,0.0533896,1.02181,0.222388,0.0527351,0.0503744,2.03938,0.0555911,
2.029,0.0122916,-0.00168757,0.0533982,1.02195,0.222208,0.0526736,0.0507037,2.03935,0.0556234,
2.03,0.0122253,-0.00162691,0.0534109,1.02212,0.222024,0.0526167,0.0510277,2.03933,0.0556529,
2.031,0.0121647,-0.00156314,0.0534186,1.02229,0.221838,0.0525661,0.0513492,2.03931,0.0556749,
2.032,0.0121053,-0.00149596,0.0534226,1.02247,0.221649,0.0525251,0.0516685,2.03929,0.0556888,
2.033,0.0120493,-0.00142782,0.0534229,1.02265,0.221458,0.0524911,0.0519864,2.03926,0.055696,
2.034,0.0119972,-0.00135761,0.05342,1.02284,0.221265,0.0524646,0.0523031,2.03924,0.0556955,
2.035,0.0119463,-0.00128539,0.0534132,1.02303,0.221071,0.0524474,0.0526181,2.03921,0.0556869,
2.036,0.0118983,-0.00121209,0.0534038,1.02323,0.220875,0.052438,0.0529318,2.03918,0.0556714,
2.037,0.0118526,-0.00113793,0.0533915,1.02343,0.220678,0.052438,0.053245,2.03915,0.0556461,
2.038,0.0118112,-0.00106345,0.0533769,1.02363,0.22048,0.0524496,0.0535576,2.03912,0.0556129,
2.039,0.0117736,-0.000989472,0.0533617,1.02383,0.220281,0.0524731,0.05387,2.03908,0.0555698,
2.04,0.0117387,-0.000915316,0.053345,1.02404,0.220087,0.0525094,0.0541819,2.03904,0.0555172,
2.041,0.011707,-0.000841909,0.0533268,1.02424,0.219895,0.0525625,0.054493,2.039,0.0554592,
2.042,0.0116784,-0.000768857,0.053308,1.02445,0.219707,0.0526327,0.0548036,2.03896,0.055394,
2.043,0.011653,-0.000697932,0.0532905,1.02465,0.219519,0.0527193,0.0551122,2.03891,0.0553264,
2.044,0.0116302,-0.000625588,0.0532687,1.02485,0.219332,0.0528178,0.055419,2.03886,0.0552541,
2.045,0.0116081,-0.000555047,0.0532455,1.02505,0.219145,0.0529291,0.0557235,2.03881,0.0551796,
2.046,0.0115884,-0.000485463,0.0532206,1.02525,0.218959,0.0530543,0.0560249,2.03875,0.0551082,
2.047,0.0115711,-0.000416873,0.0531954,1.02544,0.218774,0.0531919,0.0563223,2.03869,0.0550392,
2.048,0.0115545,-0.000350169,0.0531681,1.02564,0.218586,0.0533403,0.0566146,2.03863,0.0549766,
2.049,0.0115398,-0.000286058,0.0531393,1.02584,0.218397,0.0534932,0.0569019,2.03857,0.0549178,
2.05,0.0115277,-0.000224673,0.0531118,1.02604,0.218208,0.0536517,0.0571839,2.03851,0.0548676,
2.051,0.0115174,-0.000165621,0.0530857,1.02624,0.218018,0.0538145,0.0574614,2.03844,0.0548234,
2.052,0.0115078,-0.000109693,0.0530596,1.02644,0.217828,0.0539785,0.0577337,2.03837,0.0547849,
2.053,0.0115,-5.69199e-05,0.0530358,1.02664,0.217637,0.0541422,0.0580013,2.0383,0.0547521,
2.054,0.0114911,-8.0453e-06,0.0530121,1.02684,0.217447,0.0543076,0.0582649,2.03822,0.0547224,
2.055,0.0114833,3.57591e-05,0.0529918,1.02704,0.217258,0.054476,0.0585241,2.03815,0.0547007,
2.056,0.0114755,7.60084e-05,0.0529702,1.02724,0.217069,0.0546456,0.0587791,2.03807,0.0546833,
2.057,0.011466,0.000112908,0.052947,1.02744,0.216882,0.0548108,0.0590302,2.03799,0.054671,
2.058,0.0114544,0.000145458,0.0529219,1.02765,0.216698,0.0549706,0.0592781,2.03791,0.0546615,
2.059,0.0114438,0.000174738,0.0528958,1.02785,0.216513,0.0551229,0.0595204,2.03783,0.0546586,
2.06,0.0114324,0.000201459,0.0528677,1.02805,0.216329,0.0552698,0.0597594,2.03774,0.0546577,
2.061,0.0114229,0.000227189,0.0528373,1.02825,0.216146,0.0554086,0.0599932,2.03765,0.0546628,
2.062,0.0114154,0.000251834,0.0528062,1.02845,0.215963,0.0555407,0.0602232,2.03756,0.0546696,
2.063,0.0114102,0.000275473,0.0527747,1.02865,0.215781,0.0556642,0.0604495,2.03747,0.0546774,
2.064,0.0114079,0.000297949,0.0527431,1.02885,0.2156,0.05578,0.0606723,2.03737,0.0546864,
2.065,0.0114083,0.000317669,0.0527129,1.02905,0.215422,0.0558879,0.0608923,2.03728,0.0546975,
2.066,0.0114116,0.000335993,0.0526855,1.02925,0.215245,0.0559875,0.0611094,2.03718,0.0547085,
2.067,0.0114173,0.000352749,0.0526631,1.02945,0.215071,0.0560784,0.061324,2.03708,0.0547215,
2.068,0.011426,0.000368134,0.0526479,1.02965,0.214899,0.0561609,0.0615364,2.03698,0.054732,
2.069,0.0114374,0.000383289,0.0526409,1.02984,0.214728,0.0562351,0.0617452,2.03688,0.0547443,
2.07,0.0114513,0.000398312,0.0526411,1.03004,0.214558,0.0563007,0.0619508,2.03678,0.0547556,
2.071,0.0114656,0.000410309,0.0526447,1.03024,0.214394,0.0563567,0.0621564,2.03667,0.0547621,
2.072,0.0114818,0.000421101,0.0526576,1.03044,0.21423,0.0564048,0.0623582,2.03657,0.0547685,
2.073,0.0114975,0.000430211,0.0526761,1.03063,0.214071,0.0564444,0.0625574,2.03646,0.054777,
2.074,0.0115147,0.000439797,0.0527012,1.03083,0.213911,0.0564763,0.062753,2.03636,0.0547846,
2.075,0.01153,0.000448741,0.0527271,1.03103,0.213756,0.0564987,0.0629473,2.03625,0.0547885,
2.076,0.0115452,0.000456285,0.052758,1.03123,0.213602,0.0565137,0.0631375,2.03614,0.0547932,
2.077,0.0115577,0.000459898,0.0527876,1.03143,0.213454,0.0565191,0.0633268,2.03603,0.054795,
2.078,0.0115666,0.000457811,0.0528199,1.03163,0.213312,0.0565155,0.0635142,2.03593,0.0547972,
2.079,0.0115721,0.000454558,0.0528515,1.03183,0.213175,0.0565039,0.0636988,2.03582,0.0548019,
2.08,0.0115773,0.000449326,0.0528825,1.03203,0.213041,0.0564833,0.0638796,2.03571,0.0548059,
2.081,0.0115825,0.000444233,0.0529119,1.03223,0.212907,0.0564543,0.0640559,2.0356,0.0548115,
2.082,0.0115875,0.000438719,0.0529374,1.03243,0.212774,0.056416,0.0642289,2.03549,0.0548145,
2.083,0.0115934,0.000433047,0.0529598,1.03263,0.212642,0.0563689,0.0643976,2.03538,0.0548165,
2.084,0.011599,0.000425995,0.0529772,1.03283,0.212511,0.056312,0.0645622,2.03527,0.0548189,
2.085,0.0116039,0.00041646,0.0529878,1.03303,0.212383,0.0562456,0.064726,2.03516,0.0548158,
2.086,0.0116081,0.000405794,0.0529945,1.03323,0.212258,0.0561705,0.0648885,2.03505,0.054812,
2.087,0.0116123,0.000394753,0.0529953,1.03343,0.212133,0.0560869,0.0650503,2.03495,0.0548023,
2.088,0.0116161,0.000384268,0.0529903,1.03362,0.212011,0.0559942,0.0652112,2.03484,0.0547897,
2.089,0.0116191,0.000372588,0.0529778,1.03382,0.211893,0.0558912,0.0653724,2.03473,0.0547731,
2.09,0.0116222,0.000360366,0.0529612,1.03401,0.211777,0.0557805,0.0655311,2.03462,0.0547569,
2.091,0.0116253,0.000348466,0.0529386,1.0342,0.211662,0.0556618,0.0656885,2.03452,0.0547395,
2.092,0.0116289,0.000337482,0.0529082,1.03439,0.211549,0.0555355,0.0658436,2.03441,0.0547202,
2.093,0.0116331,0.00032664,0.0528724,1.03458,0.211437,0.0554034,0.0659958,2.0343,0.054702,
2.094,0.011638,0.000316361,0.0528314,1.03477,0.211325,0.0552653,0.066145,2.03419,0.0546833,
2.095,0.0116433,0.000309011,0.0527819,1.03495,0.211213,0.05512,0.0662915,2.03409,0.0546618,
2.096,0.0116493,0.00030097,0.0527317,1.03514,0.211101,0.0549705,0.0664336,2.03398,0.0546435,
2.097,0.0116542,0.000296097,0.0526771,1.03532,0.21099,0.054816,0.0665722,2.03387,0.0546254,
2.098,0.0116581,0.0002923,0.0526212,1.0355,0.210879,0.0546564,0.0667066,2.03376,0.0546076,
2.099,0.0116607,0.000292067,0.0525627,1.03568,0.210769,0.0544923,0.066838,2.03366,0.0545886,
2.1,0.0116626,0.000293187,0.0525033,1.03586,0.21066,0.054325,0.0669655,2.03355,0.054571,
2.101,0.0116629,0.000295813,0.0524435,1.03603,0.21055,0.0541547,0.0670898,2.03345,0.0545525,
2.102,0.011662,0.000301262,0.0523805,1.0362,0.210442,0.0539814,0.0672105,2.03334,0.0545322,
2.103,0.011659,0.000309846,0.0523167,1.03637,0.210334,0.0538079,0.0673276,2.03324,0.05451,
2.104,0.0116527,0.000320982,0.0522567,1.03654,0.210225,0.0536299,0.067441,2.03314,0.0544859,
2.105,0.011643,0.000336878,0.0522002,1.03671,0.210115,0.0534483,0.0675527,2.03304,0.0544559,
2.106,0.011631,0.000355367,0.0521502,1.03687,0.210006,0.0532626,0.0676624,2.03293,0.054421,
2.107,0.0116175,0.000382263,0.0521018,1.03703,0.209896,0.0530691,0.0677705,2.03283,0.0543803,
2.108,0.0116044,0.000406162,0.0520636,1.0372,0.209787,0.0528732,0.0678766,2.03272,0.0543349,
2.109,0.0115902,0.000435037,0.0520273,1.03736,0.209678,0.052675,0.0679805,2.03262,0.0542845,
2.11,0.0115746,0.000469261,0.0519919,1.03752,0.209569,0.0524732,0.0680822,2.03252,0.0542292,
2.111,0.0115592,0.000504822,0.0519576,1.03768,0.20946,0.052271,0.0681816,2.03242,0.0541688,
2.112,0.0115422,0.000542159,0.0519229,1.03784,0.209352,0.0520686,0.0682802,2.03231,0.0540995,
2.113,0.0115252,0.000581483,0.0518904,1.03799,0.209246,0.051872,0.0683781,2.03221,0.0540217,
2.114,0.0115079,0.000620572,0.0518627,1.03815,0.209142,0.0516919,0.0684751,2.03211,0.0539369,
2.115,0.0114906,0.000662282,0.0518369,1.03829,0.209041,0.0515315,0.0685711,2.03201,0.0538457,
2.116,0.0114704,0.000702872,0.0518148,1.03844,0.208945,0.0514023,0.0686662,2.03192,0.0537487,
2.117,0.0114522,0.000747726,0.0517963,1.03858,0.208852,0.0513081,0.0687584,2.03182,0.0536508,
2.118,0.0114317,0.000790802,0.0517841,1.03871,0.208766,0.0512541,0.0688476,2.03173,0.0535532,
2.119,0.011412,0.000837447,0.0517752,1.03884,0.208684,0.0512401,0.0689334,2.03164,0.0534564,
2.12,0.0113917,0.00088413,0.0517691,1.03897,0.208608,0.0512653,0.0690166,2.03155,0.0533582,
2.121,0.0113728,0.000931723,0.0517664,1.03909,0.208537,0.051322,0.0690975,2.03147,0.0532599,
2.122,0.0113541,0.000980242,0.0517678,1.03922,0.20847,0.051411,0.0691759,2.03139,0.0531633,
2.123,0.0113354,0.00102889,0.0517755,1.03934,0.208406,0.0515198,0.069252,2.03132,0.0530715,
2.124,0.0113176,0.00107758,0.0517892,1.03947,0.208345,0.0516442,0.0693251,2.03124,0.0529877,
2.125,0.0113003,0.00112585,0.0518083,1.03959,0.208286,0.0517773,0.0693953,2.03118,0.0529167,
2.126,0.011283,0.00117144,0.0518344,1.03972,0.208229,0.0519153,0.0694623,2.03112,0.0528641,
2.127,0.011269,0.00121524,0.0518677,1.03985,0.208174,0.0520575,0.0695264,2.03106,0.0528254,
2.128,0.0112566,0.00125744,0.0519068,1.03998,0.208121,0.0521994,0.069588,2.03101,0.0528018,
2.129,0.0112417,0.00129964,0.0519492,1.04012,0.208069,0.0523346,0.0696473,2.03096,0.05279,
2.13,0.0112253,0.00134035,0.0519951,1.04026,0.20802,0.0524686,0.0697049,2.03091,0.0527911,
2.131,0.0112095,0.00137976,0.0520469,1.0404,0.207972,0.052602,0.0697612,2.03086,0.0528028,
2.132,0.0111922,0.00141892,0.0521022,1.04054,0.207927,0.0527307,0.0698169,2.03081,0.0528258,
2.133,0.011175,0.00145738,0.0521625,1.04069,0.207884,0.0528561,0.0698731,2.03076,0.052856,
2.134,0.011158,0.00149527,0.0522256,1.04083,0.207843,0.0529779,0.0699294,2.03072,0.0528895,
2.135,0.0111408,0.00153377,0.0522918,1.04098,0.207805,0.0530948,0.0699863,2.03067,0.0529232,
2.136,0.0111237,0.00157247,0.0523574,1.04113,0.207769,0.0532068,0.0700438,2.03062,0.052954,
2.137,0.011105,0.00161316,0.052422,1.04128,0.207735,0.0533111,0.0701021,2.03056,0.0529811,
2.138,0.011088,0.0016532,0.0524879,1.04143,0.207702,0.0534119,0.0701609,2.03051,0.0530048,
2.139,0.0110665,0.00169844,0.052552,1.04158,0.207673,0.053508,0.070221,2.03044,0.0530236,
2.14,0.0110443,0.00174646,0.0526163,1.04174,0.207647,0.0535978,0.0702819,2.03038,0.0530388,
2.141,0.0110201,0.00179688,0.0526792,1.04189,0.207624,0.0536846,0.0703434,2.0303,0.0530482,
2.142,0.0109951,0.00184915,0.0527396,1.04205,0.207602,0.0537669,0.0704053,2.03023,0.0530532,
2.143,0.0109694,0.0019035,0.0527989,1.04221,0.207581,0.0538427,0.0704672,2.03015,0.0530522,
2.144,0.0109449,0.00195841,0.0528537,1.04237,0.20756,0.0539128,0.0705291,2.03007,0.0530473,
2.145,0.0109177,0.00201892,0.0529034,1.04253,0.20754,0.0539741,0.0705905,2.02999,0.0530387,
2.146,0.0108909,0.00208065,0.0529484,1.04268,0.20752,0.0540287,0.0706514,2.0299,0.053025,
2.147,0.010863,0.00214627,0.0529882,1.04285,0.2075,0.0540739,0.0707115,2.02981,0.0530063,
2.148,0.0108326,0.00221832,0.0530232,1.04301,0.207477,0.0541115,0.0707699,2.02972,0.0529811,
2.149,0.0108015,0.00229264,0.0530544,1.04318,0.207454,0.0541411,0.0708271,2.02963,0.0529519,
2.15,0.0107714,0.00236834,0.053081,1.04334,0.207429,0.0541635,0.0708832,2.02953,0.0529161,
2.151,0.0107414,0.00244534,0.0531042,1.04351,0.207402,0.0541786,0.0709379,2.02944,0.0528749,
2.152,0.0107128,0.00252299,0.0531236,1.04367,0.207375,0.0541859,0.0709915,2.02935,0.0528269,
2.153,0.0106844,0.00260181,0.053139,1.04383,0.207346,0.0541861,0.0710435,2.02926,0.0527722,
2.154,0.0106571,0.00268156,0.0531513,1.04399,0.207315,0.0541784,0.0710941,2.02918,0.0527108,
2.155,0.010631,0.00276406,0.0531614,1.04415,0.207281,0.0541622,0.0711421,2.02909,0.0526437,
2.156,0.0106066,0.00284595,0.0531725,1.04431,0.207246,0.0541399,0.0711887,2.02901,0.0525728,
2.157,0.0105834,0.0029276,0.0531824,1.04447,0.207209,0.0541079,0.0712337,2.02894,0.0525002,
2.158,0.0105619,0.00300841,0.0531949,1.04463,0.207171,0.0540671,0.0712767,2.02887,0.0524285,
2.159,0.0105418,0.00308835,0.0532109,1.04478,0.207134,0.0540218,0.0713184,2.0288,0.0523642,
2.16,0.0105222,0.00316844,0.0532283,1.04493,0.207097,0.0539706,0.0713582,2.02873,0.0523066,
2.161,0.0105036,0.00324801,0.0532511,1.04508,0.207061,0.0539148,0.0713957,2.02867,0.0522624,
2.162,0.0104857,0.00332798,0.0532802,1.04523,0.207026,0.0538502,0.071431,2.02861,0.0522273,
2.163,0.0104673,0.00340952,0.0533136,1.04537,0.206993,0.0537769,0.0714645,2.02856,0.0522029,
2.164,0.0104488,0.00349162,0.0533524,1.04551,0.206962,0.0536999,0.0714959,2.02851,0.052192,
2.165,0.0104286,0.00357412,0.0533939,1.04565,0.206933,0.0536188,0.0715243,2.02845,0.0521974,
2.166,0.010406,0.00365778,0.0534369,1.04578,0.206905,0.0535303,0.0715505,2.02841,0.0522142,
2.167,0.0103803,0.00374285,0.0534822,1.04591,0.206881,0.0534369,0.0715733,2.02836,0.052245,
2.168,0.0103502,0.00383021,0.053531,1.04604,0.206863,0.0533395,0.0715936,2.02831,0.0522863,
2.169,0.0103164,0.00392006,0.0535832,1.04616,0.206848,0.0532402,0.0716129,2.02826,0.0523361,
2.17,0.0102781,0.0040094,0.0536463,1.04628,0.206837,0.0531385,0.071632,2.02821,0.0523907,
2.171,0.0102358,0.00409818,0.0537221,1.0464,0.206828,0.0530356,0.0716484,2.02815,0.0524503,
2.172,0.0101889,0.00418552,0.0538168,1.04651,0.20682,0.0529312,0.0716645,2.0281,0.0525085,
2.173,0.0101371,0.00426656,0.0539398,1.04662,0.206817,0.0528242,0.07168,2.02805,0.0525638,
2.174,0.0100853,0.0043452,0.0540999,1.04672,0.206817,0.0527156,0.0716933,2.02799,0.0526177,
2.175,0.0100293,0.00441959,0.054294,1.04682,0.206818,0.0526058,0.0717034,2.02793,0.0526715,
2.176,0.00996798,0.00448747,0.0545225,1.04692,0.206821,0.0524964,0.0717107,2.02788,0.0527271,
2.177,0.00990126,0.00454861,0.0547832,1.04701,0.206827,0.052387,0.0717151,2.02782,0.0527834,
2.178,0.00982937,0.00460323,0.0550747,1.0471,0.206835,0.0522801,0.0717176,2.02776,0.0528374,
2.179,0.00975019,0.00465079,0.0553948,1.04718,0.206845,0.0521772,0.0717178,2.0277,0.0528903,
2.18,0.00966583,0.00469389,0.0557357,1.04726,0.206856,0.0520813,0.0717155,2.02764,0.0529467,
2.181,0.00957672,0.00473137,0.0561017,1.04733,0.206867,0.051999,0.0717115,2.02758,0.0530002,
2.182,0.00947973,0.00476258,0.0564888,1.0474,0.20688,0.0519264,0.0717052,2.02752,0.0530474,
2.183,0.00937844,0.00478782,0.0568928,1.04746,0.206894,0.0518677,0.071696,2.02745,0.053089,
2.184,0.00927211,0.00481289,0.0573138,1.04752,0.206906,0.0518259,0.0716844,2.02738,0.0531248,
2.185,0.00916216,0.00483711,0.0577438,1.04758,0.206915,0.0518088,0.0716713,2.02731,0.0531573,
2.186,0.00904472,0.0048635,0.0581775,1.04762,0.206923,0.0518081,0.071655,2.02723,0.0531834,
2.187,0.00892242,0.00489151,0.0586161,1.04767,0.206931,0.0518276,0.0716365,2.02716,0.0532074,
2.188,0.00879629,0.00491996,0.05906,1.04771,0.206939,0.0518647,0.0716155,2.02708,0.0532292,
2.189,0.00866552,0.00495045,0.0595044,1.04775,0.206948,0.0519097,0.0715908,2.02701,0.0532484,
2.19,0.00853311,0.00498205,0.059947,1.04778,0.206957,0.0519661,0.0715639,2.02693,0.0532666,
2.191,0.00839895,0.00501835,0.0603873,1.04781,0.206967,0.0520316,0.0715313,2.02685,0.053282,
2.192,0.00826501,0.00505856,0.0608263,1.04784,0.206974,0.0521093,0.0714971,2.02677,0.0532978,
2.193,0.0081328,0.00510618,0.0612608,1.04786,0.206978,0.0521933,0.0714578,2.02669,0.0533125,
2.194,0.00799842,0.00515999,0.0616881,1.04789,0.20698,0.0522792,0.0714147,2.0266,0.0533251,
2.195,0.00786358,0.005219,0.0621077,1.04791,0.20698,0.0523678,0.0713688,2.02652,0.0533344,
2.196,0.00772899,0.00528531,0.0625179,1.04792,0.206975,0.0524556,0.0713175,2.02643,0.0533385,
2.197,0.00759493,0.0053579,0.0629187,1.04793,0.206968,0.0525406,0.0712622,2.02635,0.0533384,
2.198,0.00745897,0.00543234,0.0633117,1.04795,0.206963,0.0526308,0.0712049,2.02626,0.0533341,
2.199,0.00732165,0.00550969,0.0636954,1.04795,0.206956,0.0527205,0.0711441,2.02617,0.0533256,
2.2,0.00718517,0.00559133,0.0640692,1.04796,0.206943,0.0528077,0.0710783,2.02609,0.053313,
2.201,0.00704788,0.00567439,0.0644327,1.04797,0.206929,0.0528934,0.0710104,2.02601,0.0532977,
2.202,0.00691037,0.00576158,0.0647838,1.04797,0.206908,0.0529738,0.0709377,2.02592,0.0532778,
2.203,0.00677348,0.00584963,0.0651282,1.04798,0.206883,0.0530498,0.0708617,2.02584,0.0532558,
2.204,0.00663883,0.00594153,0.0654625,1.04798,0.206851,0.0531199,0.07078,2.02576,0.0532314,
2.205,0.00650541,0.00603483,0.0657886,1.04798,0.206818,0.053184,0.0706981,2.02567,0.0532078,
2.206,0.00637798,0.00613584,0.0661019,1.04798,0.206771,0.0532397,0.0706056,2.0256,0.0531829,
2.207,0.00625148,0.00624003,0.0664037,1.04798,0.206721,0.0532887,0.0705134,2.02551,0.0531617,
2.208,0.00612562,0.00634755,0.0666928,1.04797,0.206669,0.0533354,0.0704191,2.02544,0.0531446,
2.209,0.00600213,0.00646162,0.066968,1.04796,0.206612,0.0533769,0.0703181,2.02536,0.0531293,
2.21,0.00587897,0.00657631,0.0672316,1.04795,0.206555,0.0534166,0.0702184,2.02528,0.0531226,
2.211,0.00575563,0.00669272,0.0674817,1.04795,0.206501,0.0534579,0.0701182,2.0252,0.0531202,
2.212,0.00563225,0.00680963,0.0677179,1.04794,0.20645,0.0535011,0.0700151,2.02513,0.0531215,
2.213,0.0055093,0.00692664,0.06794,1.04793,0.206402,0.0535462,0.069909,2.02505,0.0531266,
2.214,0.00538604,0.00704287,0.0681494,1.04792,0.206357,0.0535909,0.0698031,2.02498,0.053136,
2.215,0.00526313,0.00715796,0.0683446,1.04791,0.206316,0.053635,0.069694,2.02491,0.0531486,
2.216,0.00513965,0.00727049,0.0685265,1.0479,0.206279,0.0536784,0.069583,2.02483,0.053164,
2.217,0.00501628,0.00738199,0.0686951,1.0479,0.206247,0.0537209,0.0694718,2.02476,0.0531803,
2.218,0.00489404,0.007492,0.0688525,1.04789,0.206219,0.0537618,0.0693578,2.02469,0.0531965,
2.219,0.0047724,0.00760026,0.0689982,1.04788,0.206195,0.0538018,0.069242,2.02462,0.0532117,
2.22,0.00465159,0.0077062,0.069132,1.04788,0.206177,0.0538409,0.0691239,2.02455,0.0532255,
2.221,0.00453278,0.00781041,0.0692534,1.04787,0.206162,0.0538799,0.0690039,2.02448,0.0532379,
2.222,0.00441332,0.00791116,0.0693626,1.04787,0.206155,0.0539144,0.0688829,2.02441,0.0532527,
2.223,0.00429564,0.00800782,0.0694583,1.04786,0.206153,0.0539444,0.0687608,2.02435,0.0532706,
2.224,0.00418015,0.00810238,0.0695419,1.04785,0.206155,0.053971,0.0686386,2.02428,0.0532914,
2.225,0.00406684,0.00819537,0.0696131,1.04785,0.206162,0.0539929,0.0685153,2.02422,0.0533151,
2.226,0.00395516,0.0082849,0.0696718,1.04785,0.206175,0.0540103,0.0683913,2.02415,0.0533426,
2.227,0.00384535,0.00837161,0.0697186,1.04784,0.206193,0.0540243,0.0682658,2.02409,0.0533698,
2.228,0.00373811,0.00845571,0.069754,1.04784,0.206215,0.0540336,0.0681385,2.02402,0.053397,
2.229,0.00363138,0.00853616,0.0697787,1.04784,0.206244,0.0540386,0.0680109,2.02396,0.0534273,
2.23,0.00352718,0.00861319,0.0697937,1.04784,0.206277,0.0540411,0.0678821,2.02389,0.0534586,
2.231,0.00342579,0.0086876,0.0698,1.04785,0.206313,0.0540405,0.0677527,2.02383,0.0534927,
2.232,0.00332965,0.00875961,0.0697974,1.04785,0.206349,0.0540328,0.0676221,2.02377,0.0535298,
2.233,0.00323895,0.00883011,0.0697868,1.04785,0.206387,0.0540176,0.0674898,2.02371,0.0535695,
2.234,0.00315119,0.00889945,0.0697708,1.04786,0.206431,0.053995,0.0673551,2.02364,0.0536101,
2.235,0.00306506,0.00896413,0.0697485,1.04787,0.206477,0.0539672,0.0672195,2.02358,0.0536513,
2.236,0.00298357,0.00902538,0.0697206,1.04789,0.206525,0.0539339,0.0670813,2.02352,0.0536904,
2.237,0.00290199,0.00908599,0.0696876,1.0479,0.206578,0.0538949,0.0669412,2.02345,0.0537279,
2.238,0.00281652,0.00914126,0.069652,1.04793,0.206639,0.0538505,0.0668008,2.02338,0.0537646,
2.239,0.00273031,0.00919343,0.0696146,1.04796,0.206704,0.0538016,0.06666,2.02331,0.0538052,
2.24,0.00264715,0.00924248,0.0695735,1.04799,0.20677,0.0537502,0.066518,2.02324,0.053847,
2.241,0.00256493,0.0092905,0.0695308,1.04802,0.206838,0.0536956,0.0663743,2.02317,0.05389,
2.242,0.00248459,0.0093357,0.0694883,1.04806,0.206909,0.0536387,0.0662286,2.02309,0.0539348,
2.243,0.00240173,0.00937893,0.0694436,1.0481,0.206984,0.0535805,0.0660824,2.02302,0.0539791,
2.244,0.0023204,0.00941911,0.0693979,1.04814,0.207059,0.0535228,0.0659347,2.02294,0.054026,
2.245,0.00223833,0.00945728,0.069352,1.04819,0.207137,0.0534643,0.0657852,2.02285,0.0540715,
2.246,0.00215557,0.00949382,0.0693033,1.04824,0.207215,0.0534075,0.065634,2.02277,0.0541151,
2.247,0.00207364,0.00952851,0.069249,1.04828,0.207292,0.0533534,0.0654809,2.02269,0.0541559,
2.248,0.00199051,0.00956128,0.0691912,1.04833,0.207369,0.0533011,0.0653253,2.0226,0.0541956,
2.249,0.00190443,0.00959336,0.069126,1.04837,0.207447,0.0532519,0.0651678,2.02251,0.0542324,
2.25,0.00181668,0.00962449,0.0690589,1.04842,0.207524,0.0532065,0.0650086,2.02241,0.0542667,
2.251,0.00172176,0.00966062,0.0689951,1.04847,0.207604,0.0531645,0.0648493,2.02231,0.0542947,
2.252,0.00163106,0.00970918,0.0689231,1.04852,0.207682,0.0531247,0.0646841,2.02219,0.0543226,
2.253,0.00153483,0.00976581,0.0688529,1.04858,0.207758,0.0530939,0.0645201,2.02208,0.0543409,
2.254,0.0014409,0.00982545,0.0687863,1.04863,0.207834,0.053063,0.0643516,2.02196,0.0543573,
2.255,0.00134571,0.00988603,0.0687163,1.04868,0.207907,0.0530378,0.064182,2.02184,0.0543667,
2.256,0.00125157,0.00994296,0.0686455,1.04873,0.207978,0.0530174,0.0640103,2.02172,0.0543748,
2.257,0.00115855,0.00999537,0.0685714,1.04879,0.208045,0.0530014,0.0638376,2.0216,0.0543811,
2.258,0.00106821,0.0100432,0.0684936,1.04884,0.20811,0.0529902,0.0636625,2.02148,0.0543842,
2.259,0.000978889,0.0100876,0.0684156,1.04888,0.20817,0.0529848,0.0634867,2.02136,0.0543851,
2.26,0.000892121,0.0101316,0.0683344,1.04893,0.208226,0.0529858,0.0633098,2.02124,0.0543839,
2.261,0.000806749,0.0101745,0.0682564,1.04898,0.208278,0.0529945,0.0631322,2.02112,0.0543808,
2.262,0.000723696,0.0102155,0.0681787,1.04902,0.208326,0.0530116,0.0629538,2.02099,0.0543734,
2.263,0.000642056,0.0102535,0.0681007,1.04906,0.208369,0.0530345,0.0627755,2.02087,0.0543633,
2.264,0.000563973,0.0102908,0.068018,1.0491,0.20841,0.0530609,0.0625968,2.02075,0.0543488,
2.265,0.00048874,0.0103266,0.067934,1.04914,0.208447,0.0530893,0.062419,2.02063,0.0543318,
2.266,0.000416142,0.01036,0.0678466,1.04917,0.208482,0.0531201,0.0622416,2.02051,0.0543102,
2.267,0.000346131,0.0103916,0.0677547,1.04921,0.208515,0.0531512,0.062066,2.02039,0.0542861,
2.268,0.000279315,0.0104212,0.0676592,1.04924,0.208547,0.0531781,0.0618913,2.02027,0.0542579,
2.269,0.000214289,0.0104486,0.0675625,1.04927,0.208578,0.0532023,0.0617182,2.02015,0.0542254,
2.27,0.000151163,0.0104739,0.0674627,1.04931,0.208608,0.0532238,0.0615474,2.02003,0.0541906,
2.271,8.8983e-05,0.0104979,0.0673637,1.04934,0.208639,0.0532422,0.0613792,2.01991,0.0541527,
2.272,2.7277e-05,0.0105194,0.0672638,1.04938,0.208669,0.0532572,0.0612139,2.01979,0.0541113,
2.273,-3.38303e-05,0.0105383,0.0671634,1.04941,0.208698,0.0532694,0.0610511,2.01967,0.0540663,
2.274,-9.46412e-05,0.0105548,0.0670653,1.04944,0.208727,0.0532796,0.0608922,2.01955,0.054021,
2.275,-0.000154857,0.0105694,0.0669666,1.04948,0.208756,0.0532893,0.0607358,2.01942,0.053976,
2.276,-0.000213865,0.010583,0.066868,1.04951,0.208786,0.0532951,0.0605816,2.0193,0.0539313,
2.277,-0.000273357,0.0105947,0.0667682,1.04954,0.208816,0.0532981,0.0604302,2.01917,0.0538868,
2.278,-0.000335045,0.0106057,0.0666705,1.04958,0.208849,0.0532989,0.060281,2.01904,0.0538403,
2.279,-0.000395815,0.0106149,0.0665722,1.04961,0.20888,0.0532985,0.0601322,2.01891,0.053794,
2.28,-0.00045681,0.0106224,0.0664769,1.04965,0.208911,0.0532955,0.0599844,2.01878,0.0537476,
2.281,-0.000519497,0.0106297,0.0663853,1.04969,0.208942,0.0532918,0.0598373,2.01864,0.0536987,
2.282,-0.000583841,0.0106345,0.0662971,1.04972,0.20897,0.0532961,0.0596916,2.01851,0.0536488,
2.283,-0.000646905,0.010639,0.0662125,1.04976,0.208997,0.0533052,0.059544,2.01837,0.0535993,
2.284,-0.00070813,0.0106438,0.0661253,1.0498,0.20902,0.0533198,0.0593965,2.01823,0.0535462,
2.285,-0.000766077,0.0106498,0.0660363,1.04984,0.209043,0.0533383,0.0592495,2.01809,0.0534924,
2.286,-0.000824428,0.0106558,0.0659443,1.04988,0.209064,0.0533606,0.0591037,2.01795,0.0534336,
2.287,-0.000879009,0.010662,0.06585,1.04992,0.209082,0.0533851,0.0589591,2.0178,0.053372,
2.288,-0.00093102,0.010668,0.0657529,1.04996,0.209097,0.053413,0.0588155,2.01766,0.0533077,
2.289,-0.000978969,0.0106745,0.0656543,1.05,0.209112,0.0534433,0.0586736,2.01752,0.0532401,
2.29,-0.00102474,0.0106816,0.0655539,1.05004,0.209127,0.0534778,0.058533,2.01737,0.0531666,
2.291,-0.00106828,0.0106899,0.0654528,1.05009,0.209146,0.0535157,0.0583954,2.01723,0.0530888,
2.292,-0.0011079,0.0106993,0.0653444,1.05013,0.209166,0.0535577,0.0582594,2.01708,0.0530053,
2.293,-0.00114251,0.0107098,0.0652294,1.05018,0.209187,0.0536022,0.0581253,2.01694,0.0529195,
2.294,-0.00117164,0.0107213,0.0651079,1.05022,0.209211,0.0536467,0.0579933,2.01679,0.052832,
2.295,-0.00119503,0.0107339,0.0649807,1.05026,0.209238,0.053691,0.0578629,2.01665,0.0527421,
2.296,-0.00121787,0.010749,0.0648489,1.05031,0.209269,0.053732,0.0577357,2.0165,0.0526497,
2.297,-0.00124031,0.010766,0.0647105,1.05036,0.209301,0.0537698,0.0576106,2.01635,0.052561,
2.298,-0.00125836,0.0107844,0.0645664,1.05042,0.209333,0.0538033,0.0574871,2.0162,0.0524728,
2.299,-0.00127195,0.0108038,0.0644167,1.05047,0.209367,0.0538323,0.0573641,2.01605,0.0523835,
2.3,-0.00128179,0.0108241,0.0642617,1.05052,0.209403,0.0538564,0.0572421,2.01591,0.0522964,
2.301,-0.00129023,0.0108451,0.0641021,1.05058,0.20944,0.0538754,0.0571207,2.01576,0.0522075,
2.302,-0.00130134,0.0108676,0.0639377,1.05064,0.209479,0.0538897,0.0570012,2.01561,0.0521212,
2.303,-0.00131175,0.0108908,0.0637687,1.05071,0.20952,0.0538987,0.0568831,2.01547,0.0520414,
2.304,-0.00131877,0.0109151,0.0635952,1.05078,0.209561,0.0539025,0.0567664,2.01533,0.0519661,
2.305,-0.001323,0.0109395,0.0634173,1.05085,0.209603,0.0539006,0.0566509,2.01519,0.0518961,
2.306,-0.00132566,0.0109646,0.063235,1.05092,0.209646,0.0538936,0.056538,2.01505,0.0518405,
2.307,-0.00132803,0.0109902,0.0630486,1.051,0.209691,0.0538813,0.0564281,2.01492,0.0518006,
2.308,-0.00133537,0.0110154,0.0628591,1.05109,0.209738,0.0538637,0.0563211,2.01478,0.0517701,
2.309,-0.00134672,0.0110418,0.0626648,1.05118,0.209788,0.0538413,0.0562189,2.01466,0.0517623,
2.31,-0.00135868,0.0110679,0.0624669,1.05128,0.20984,0.053814,0.0561191,2.01453,0.0517695,
2.311,-0.00137599,0.0110955,0.0622646,1.05138,0.209895,0.0537824,0.0560242,2.01441,0.0517932,
2.312,-0.00139406,0.0111233,0.0620581,1.05149,0.209953,0.0537466,0.055934,2.0143,0.0518299,
2.313,-0.00141118,0.0111541,0.0618461,1.0516,0.210013,0.0537069,0.0558475,2.01418,0.051878,
2.314,-0.00142515,0.0111859,0.0616293,1.05171,0.210074,0.0536628,0.0557637,2.01407,0.0519319,
2.315,-0.00143882,0.0112207,0.0614076,1.05182,0.210138,0.0536153,0.0556843,2.01397,0.0519905,
2.316,-0.00145064,0.0112583,0.0611805,1.05192,0.210203,0.0535648,0.0556076,2.01386,0.0520526,
2.317,-0.00146084,0.0112994,0.0609488,1.05203,0.210271,0.0535114,0.0555325,2.01375,0.0521138,
2.318,-0.00147062,0.0113435,0.0607109,1.05214,0.210341,0.0534561,0.0554614,2.01365,0.0521792,
2.319,-0.00147702,0.0113894,0.0604675,1.05225,0.210413,0.0533988,0.055391,2.01354,0.0522447,
2.32,-0.00148114,0.0114377,0.0602195,1.05235,0.210486,0.0533395,0.0553221,2.01344,0.0523106,
2.321,-0.00148306,0.011489,0.0599669,1.05245,0.210561,0.0532785,0.0552542,2.01334,0.052373,
2.322,-0.00148364,0.0115452,0.05971,1.05256,0.210639,0.0532163,0.0551862,2.01323,0.052432,
2.323,-0.00148328,0.0116032,0.0594503,1.05266,0.210717,0.0531525,0.0551203,2.01313,0.0524936,
2.324,-0.00148054,0.011663,0.059188,1.05275,0.210796,0.0530874,0.0550529,2.01303,0.0525522,
2.325,-0.00147572,0.0117247,0.0589232,1.05285,0.210877,0.0530215,0.0549844,2.01293,0.0526074,
2.326,-0.00146958,0.011789,0.058656,1.05294,0.210958,0.0529577,0.0549154,2.01283,0.0526581,
2.327,-0.00146303,0.0118569,0.0583863,1.05303,0.211042,0.0528963,0.0548451,2.01274,0.0527038,
2.328,-0.00145693,0.0119272,0.0581142,1.05312,0.211127,0.0528355,0.0547759,2.01264,0.0527501,
2.329,-0.00145091,0.0119994,0.0578396,1.05321,0.211214,0.0527731,0.0547031,2.01254,0.0527914,
2.33,-0.00144497,0.012073,0.0575635,1.0533,0.211303,0.0527061,0.0546289,2.01245,0.0528296,
2.331,-0.00143947,0.0121483,0.0572911,1.05339,0.211394,0.0526355,0.0545535,2.01236,0.0528649,
2.332,-0.00143457,0.012225,0.057022,1.05347,0.211488,0.0525614,0.0544752,2.01227,0.0528943,
2.333,-0.00143112,0.0123043,0.0567621,1.05356,0.211585,0.052483,0.0543957,2.01218,0.0529209,
2.334,-0.00142902,0.0123869,0.056516,1.05364,0.211684,0.0524052,0.0543136,2.01209,0.0529431,
2.335,-0.00142845,0.0124738,0.0562911,1.05373,0.211787,0.0523272,0.054229,2.012,0.0529591,
2.336,-0.00143009,0.0125649,0.056088,1.05381,0.211894,0.0522463,0.0541419,2.01191,0.0529652,
2.337,-0.00143274,0.0126614,0.0559202,1.0539,0.212002,0.0521674,0.0540532,2.01183,0.0529674,
2.338,-0.00143744,0.0127623,0.0557845,1.05398,0.212113,0.0521003,0.0539619,2.01175,0.0529605,
2.339,-0.00144305,0.0128672,0.055695,1.05406,0.212226,0.052041,0.0538705,2.01167,0.0529516,
2.34,-0.00144861,0.0129746,0.0556533,1.05414,0.212341,0.0519895,0.0537802,2.01159,0.0529408,
2.341,-0.00145294,0.0130838,0.0556605,1.05422,0.212458,0.0519431,0.0536889,2.01151,0.052924,
2.342,-0.00145678,0.0131917,0.0557072,1.05429,0.212578,0.0519045,0.0535977,2.01145,0.052902,
2.343,-0.001457,0.013301,0.0557956,1.05437,0.212701,0.051871,0.0535063,2.01138,0.052877,
2.344,-0.00145212,0.0134084,0.0559205,1.05445,0.212825,0.0518408,0.0534168,2.01131,0.0528523,
2.345,-0.0014467,0.0135135,0.0560655,1.05452,0.212953,0.0518194,0.0533284,2.01125,0.0528241,
2.346,-0.001438,0.0136162,0.0562286,1.0546,0.213082,0.0518024,0.0532403,2.01119,0.0527919,
2.347,-0.00142698,0.0137173,0.0564023,1.05467,0.213212,0.0517931,0.0531538,2.01113,0.0527618,
2.348,-0.00141334,0.0138166,0.0565846,1.05474,0.213345,0.0517856,0.0530672,2.01107,0.0527286,
2.349,-0.00139566,0.0139152,0.0567724,1.05481,0.213479,0.0517815,0.0529831,2.01102,0.0526975,
2.35,-0.00137591,0.0140139,0.056964,1.05488,0.213614,0.0517835,0.0529012,2.01096,0.0526692,
2.351,-0.00135567,0.0141125,0.0571596,1.05496,0.213752,0.0517851,0.0528195,2.01091,0.0526378,
2.352,-0.00133202,0.0142083,0.057358,1.05503,0.213892,0.0517872,0.0527389,2.01086,0.0526061,
2.353,-0.0013031,0.0143067,0.0575564,1.0551,0.214034,0.0517932,0.0526602,2.01081,0.0525776,
2.354,-0.00127159,0.0144054,0.0577542,1.05518,0.214178,0.0518014,0.0525841,2.01076,0.0525524,
2.355,-0.00123964,0.0145069,0.0579528,1.05526,0.214328,0.0518088,0.0525064,2.01072,0.0525203,
2.356,-0.00120566,0.0146033,0.0581499,1.05534,0.214477,0.0518168,0.052429,2.01068,0.0524851,
2.357,-0.00116993,0.0146996,0.0583402,1.05542,0.21463,0.0518318,0.0523495,2.01064,0.0524478,
2.358,-0.0011315,0.0147943,0.058523,1.05551,0.214787,0.0518542,0.0522691,2.0106,0.0524065,
2.359,-0.00109333,0.0148857,0.0586983,1.0556,0.214946,0.0518827,0.052188,2.01056,0.0523618,
2.36,-0.00105565,0.0149744,0.0588664,1.0557,0.215107,0.0519206,0.0521051,2.01053,0.0523121,
2.361,-0.00101627,0.0150644,0.0590279,1.05579,0.215269,0.0519654,0.0520213,2.0105,0.05226,
2.362,-0.00097491,0.0151553,0.0591824,1.05589,0.215435,0.0520157,0.0519364,2.01046,0.052205,
2.363,-0.00093202,0.0152471,0.059326,1.056,0.215603,0.0520715,0.0518506,2.01043,0.0521481,
2.364,-0.000889918,0.0153382,0.0594582,1.0561,0.215775,0.0521353,0.0517639,2.01039,0.0520899,
2.365,-0.000847644,0.0154314,0.0595793,1.05621,0.215948,0.0522074,0.0516743,2.01036,0.0520264,
2.366,-0.000806748,0.0155269,0.0596889,1.05631,0.216124,0.0522837,0.0515823,2.01033,0.051959,
2.367,-0.000766264,0.015624,0.0597866,1.05642,0.216303,0.0523619,0.0514881,2.0103,0.0518875,
2.368,-0.000725459,0.0157235,0.0598724,1.05653,0.216486,0.0524415,0.0513931,2.01026,0.0518184,
2.369,-0.000684358,0.015826,0.0599459,1.05664,0.216673,0.0525198,0.0512971,2.01023,0.0517531,
2.37,-0.000643093,0.0159322,0.0600069,1.05675,0.216864,0.0525985,0.0512017,2.0102,0.0516979,
2.371,-0.000600588,0.0160413,0.0600564,1.05686,0.217057,0.0526776,0.0511076,2.01018,0.0516563,
2.372,-0.000556449,0.0161541,0.0600937,1.05698,0.217255,0.0527546,0.0510144,2.01015,0.0516292,
2.373,-0.000510235,0.0162704,0.0601188,1.05709,0.217456,0.0528316,0.0509225,2.01014,0.0516183,
2.374,-0.00046236,0.0163901,0.0601322,1.0572,0.217657,0.0529101,0.0508339,2.01012,0.0516268,
2.375,-0.000412535,0.0165129,0.0601336,1.05732,0.217862,0.0529882,0.0507471,2.01011,0.0516546,
2.376,-0.000360071,0.016641,0.0601221,1.05743,0.218071,0.053066,0.0506612,2.01011,0.0516997,
2.377,-0.000302623,0.0167816,0.0600978,1.05754,0.218281,0.0531431,0.0505749,2.0101,0.0517604,
2.378,-0.000243499,0.0169253,0.0600631,1.05765,0.218493,0.0532185,0.0504912,2.01009,0.0518348,
2.379,-0.000182378,0.0170714,0.060017,1.05777,0.218707,0.0532942,0.0504072,2.01009,0.0519194,
2.38,-0.00011907,0.0172199,0.0599587,1.05788,0.218923,0.05337,0.0503225,2.01009,0.0520114,
2.381,-5.35224e-05,0.0173712,0.0598877,1.05799,0.219141,0.0534484,0.0502367,2.01009,0.0521105,
2.382,1.38631e-05,0.0175265,0.0598044,1.05811,0.21936,0.0535285,0.0501492,2.01009,0.0522124,
2.383,8.26537e-05,0.0176851,0.0597101,1.05822,0.219581,0.0536093,0.0500605,2.01009,0.0523176,
2.384,0.000152706,0.0178478,0.0596038,1.05833,0.219803,0.0536912,0.0499699,2.0101,0.0524256,
2.385,0.000223902,0.0180145,0.0594861,1.05844,0.220027,0.053777,0.0498776,2.0101,0.0525371,
2.386,0.000295887,0.0181861,0.0593566,1.05855,0.22025,0.0538676,0.0497833,2.01011,0.0526519,
2.387,0.000368767,0.0183603,0.0592163,1.05866,0.220474,0.0539618,0.0496873,2.01011,0.0527692,
2.388,0.000441726,0.0185371,0.0590668,1.05877,0.220697,0.0540607,0.0495893,2.01012,0.0528884,
2.389,0.000515733,0.0187153,0.0589081,1.05889,0.220922,0.05416,0.0494897,2.01013,0.053009,
2.39,0.000589153,0.0188934,0.0587418,1.059,0.221147,0.0542597,0.0493885,2.01013,0.0531307,
2.391,0.000662634,0.0190714,0.0585672,1.05911,0.221372,0.054362,0.0492852,2.01014,0.0532537,
2.392,0.000735894,0.0192492,0.0583839,1.05922,0.221595,0.054467,0.0491805,2.01015,0.0533794,
2.393,0.000809029,0.0194272,0.0581927,1.05934,0.221818,0.0545744,0.0490743,2.01016,0.0535074,
2.394,0.000879552,0.0196065,0.0579929,1.05945,0.222042,0.0546849,0.0489686,2.01017,0.0536407,
2.395,0.00094968,0.0197861,0.0577872,1.05956,0.222266,0.0547935,0.0488615,2.01018,0.0537762,
2.396,0.00101756,0.0199633,0.0575804,1.05968,0.222493,0.054901,0.0487562,2.0102,0.0539173,
2.397,0.00108408,0.0201382,0.0573764,1.05979,0.222719,0.0550068,0.048651,2.01021,0.0540629,
2.398,0.00114806,0.0203063,0.0571854,1.0599,0.222947,0.0551122,0.0485481,2.01022,0.054216,
2.399,0.00120822,0.020467,0.0570205,1.06001,0.223173,0.0552177,0.0484465,2.01024,0.0543765,
2.4,0.00126709,0.0206095,0.0568817,1.06011,0.223401,0.0553248,0.0483503,2.01025,0.054549,
2.401,0.00131802,0.0207513,0.0567861,1.06021,0.223634,0.0554273,0.0482591,2.01026,0.0547259,
2.402,0.0013619,0.020883,0.0567313,1.06031,0.223866,0.0555254,0.048172,2.01028,0.0549191,
2.403,0.00140322,0.0209954,0.0567145,1.06041,0.224099,0.055619,0.0480921,2.01029,0.0551351,
2.404,0.00143804,0.0211019,0.0567422,1.0605,0.224334,0.0557046,0.0480189,2.01031,0.0553688,
2.405,0.00147339,0.021199,0.0568042,1.06059,0.224572,0.0557829,0.0479557,2.01032,0.0556224,
2.406,0.00149603,0.0212994,0.0569146,1.06067,0.22481,0.0558565,0.0478971,2.01033,0.0558885,
2.407,0.00151503,0.0213951,0.0570585,1.06075,0.225046,0.0559255,0.0478461,2.01034,0.0561716,
2.408,0.00153326,0.0214882,0.0572256,1.06083,0.22528,0.0559894,0.0478029,2.01035,0.0564734,
2.409,0.0015492,0.0215901,0.0574163,1.06091,0.225514,0.0560466,0.0477652,2.01035,0.0567825,
2.41,0.00156227,0.0216926,0.0576241,1.06098,0.225747,0.0560967,0.0477331,2.01036,0.0571091,
2.411,0.00157785,0.0218004,0.0578422,1.06105,0.225976,0.0561405,0.0477092,2.01035,0.0574525,
2.412,0.00159115,0.0219112,0.0580685,1.06111,0.226202,0.0561767,0.0476882,2.01034,0.057805,
2.413,0.00160239,0.0220217,0.0582959,1.06118,0.226428,0.0562046,0.0476731,2.01034,0.0581689,
2.414,0.00161249,0.0221362,0.0585255,1.06124,0.226648,0.0562306,0.0476641,2.01032,0.0585442,
2.415,0.00162456,0.0222594,0.0587573,1.0613,0.22686,0.0562539,0.0476605,2.0103,0.058929,
2.416,0.00163561,0.0223831,0.0589901,1.06136,0.227067,0.0562744,0.0476606,2.01028,0.0593188,
2.417,0.00164752,0.0225171,0.0592242,1.06141,0.227263,0.0562937,0.0476634,2.01025,0.0597126,
2.418,0.00165712,0.0226509,0.0594604,1.06146,0.227454,0.0563104,0.0476698,2.01022,0.0601115,
2.419,0.00166299,0.0227886,0.0596975,1.0615,0.227637,0.0563246,0.0476794,2.01019,0.0605138,
2.42,0.00166551,0.0229225,0.0599311,1.06155,0.227817,0.0563358,0.0476919,2.01015,0.060915,
2.421,0.00166056,0.0230606,0.0601684,1.06158,0.227986,0.0563449,0.0477075,2.01012,0.0613221,
2.422,0.00165205,0.0231987,0.0604041,1.06162,0.228146,0.056351,0.0477243,2.01008,0.0617302,
2.423,0.00163721,0.0233349,0.0606402,1.06165,0.228298,0.0563544,0.047743,2.01004,0.0621399,
2.424,0.00162046,0.0234775,0.0608742,1.06168,0.228433,0.0563555,0.0477589,2.01,0.0625502,
2.425,0.00159916,0.0236188,0.0611079,1.0617,0.228557,0.0563553,0.0477761,2.00996,0.0629613,
2.426,0.00157139,0.0237581,0.061339,1.06173,0.228674,0.0563535,0.0477945,2.00992,0.0633714,
2.427,0.00153524,0.0238978,0.0615681,1.06174,0.228779,0.0563502,0.0478139,2.00988,0.0637817,
2.428,0.00149426,0.0240359,0.0617935,1.06176,0.228875,0.0563449,0.0478336,2.00985,0.0641901,
2.429,0.00144679,0.0241703,0.0620142,1.06177,0.228967,0.056337,0.0478554,2.00981,0.0645951,
2.43,0.00139113,0.024305,0.0622306,1.06178,0.229049,0.0563273,0.0478782,2.00977,0.0649987,
2.431,0.00133219,0.024441,0.0624418,1.06179,0.229121,0.0563185,0.0478999,2.00974,0.0653992,
2.432,0.00127323,0.0245805,0.0626473,1.06178,0.229177,0.0563114,0.0479185,2.0097,0.065797,
2.433,0.00121534,0.0247208,0.0628472,1.06177,0.229224,0.0563042,0.0479351,2.00967,0.0661902,
2.434,0.00115837,0.0248643,0.0630406,1.06176,0.22926,0.0562971,0.0479493,2.00964,0.066578,
2.435,0.00109464,0.0250036,0.0632284,1.06174,0.229292,0.0562919,0.0479642,2.0096,0.0669599,
2.436,0.00102535,0.0251442,0.0634093,1.06171,0.229318,0.056286,0.0479788,2.00957,0.0673361,
2.437,0.000951832,0.0252808,0.0635829,1.06168,0.229343,0.0562793,0.0479938,2.00954,0.0677044,
2.438,0.000872423,0.0254189,0.0637495,1.06165,0.229363,0.0562723,0.0480074,2.00951,0.0680673,
2.439,0.000797772,0.0255591,0.0639077,1.06161,0.229373,0.0562661,0.048017,2.00947,0.0684228,
2.44,0.000720001,0.0256966,0.0640592,1.06156,0.229384,0.0562618,0.0480268,2.00943,0.0687706,
2.441,0.000637696,0.025834,0.0642042,1.06151,0.229391,0.0562576,0.0480337,2.0094,0.0691105,
2.442,0.000555082,0.0259723,0.0643423,1.06145,0.229395,0.0562537,0.0480384,2.00936,0.0694415,
2.443,0.000468217,0.0261087,0.0644733,1.06139,0.229398,0.0562494,0.0480421,2.00932,0.0697636,
2.444,0.000377283,0.0262431,0.0645971,1.06132,0.2294,0.0562481,0.0480437,2.00928,0.0700766,
2.445,0.000281765,0.0263775,0.0647148,1.06124,0.229402,0.0562491,0.0480416,2.00924,0.0703802,
2.446,0.000181737,0.0265092,0.0648259,1.06117,0.229404,0.0562486,0.0480378,2.00919,0.0706745,
2.447,7.69022e-05,0.0266388,0.0649306,1.06108,0.229406,0.0562457,0.0480307,2.00915,0.0709588,
2.448,-3.30275e-05,0.026766,0.0650297,1.061,0.229409,0.0562435,0.0480205,2.0091,0.0712329,
2.449,-0.000149305,0.026891,0.0651235,1.06091,0.229414,0.056241,0.0480057,2.00905,0.0714963,
2.45,-0.000271529,0.027013,0.0652118,1.06081,0.229422,0.0562346,0.0479872,2.009,0.0717484,
2.451,-0.000396133,0.0271302,0.0652939,1.06071,0.229432,0.056224,0.0479674,2.00895,0.0719897,
2.452,-0.000527385,0.0272445,0.0653718,1.06061,0.229444,0.0562114,0.047944,2.00889,0.0722203,
2.453,-0.000667017,0.0273562,0.0654465,1.0605,0.229459,0.0561933,0.0479162,2.00884,0.07244,
2.454,-0.000812085,0.027463,0.065517,1.06039,0.229475,0.0561719,0.0478837,2.00878,0.072648,
2.455,-0.000963938,0.0275663,0.0655845,1.06028,0.229494,0.0561474,0.0478474,2.00872,0.0728444,
2.456,-0.00112552,0.0276656,0.0656496,1.06015,0.229521,0.056116,0.0478061,2.00866,0.0730259,
2.457,-0.00128938,0.0277581,0.0657127,1.06003,0.22955,0.0560777,0.047759,2.0086,0.0731955,
2.458,-0.00146095,0.0278483,0.0657741,1.0599,0.229581,0.0560342,0.0477125,2.00854,0.0733536,
2.459,-0.00164157,0.0279349,0.0658357,1.05976,0.229616,0.0559852,0.0476608,2.00847,0.0734992,
2.46,-0.00182603,0.0280177,0.0658952,1.05962,0.229654,0.0559341,0.0476054,2.0084,0.0736301,
2.461,-0.00201888,0.028097,0.0659549,1.05947,0.229696,0.0558807,0.0475436,2.00834,0.073746,
2.462,-0.00221863,0.0281713,0.0660107,1.05931,0.229741,0.0558258,0.0474775,2.00827,0.0738469,
2.463,-0.00242693,0.0282439,0.0660632,1.05915,0.229788,0.0557695,0.0474057,2.0082,0.073934,
2.464,-0.00264338,0.0283136,0.0661115,1.05898,0.229837,0.0557122,0.0473277,2.00814,0.0740068,
2.465,-0.00286588,0.0283818,0.0661628,1.05881,0.229888,0.055654,0.0472421,2.00807,0.0740648,
2.466,-0.00309457,0.028448,0.0662132,1.05863,0.22994,0.0555953,0.0471532,2.008,0.074112,
2.467,-0.00333156,0.0285131,0.0662646,1.05845,0.229994,0.0555364,0.0470558,2.00794,0.0741454,
2.468,-0.00357634,0.0285783,0.0663141,1.05826,0.230048,0.0554733,0.04695,2.00787,0.074166,
2.469,-0.00382683,0.0286475,0.0663588,1.05807,0.230101,0.055406,0.0468332,2.0078,0.074172,
2.47,-0.00407594,0.028718,0.0664024,1.05786,0.230153,0.0553346,0.0467135,2.00774,0.0741664,
2.471,-0.00432853,0.0287875,0.0664459,1.05766,0.230205,0.0552591,0.0465899,2.00767,0.0741463,
2.472,-0.00458038,0.0288585,0.0664928,1.05744,0.230256,0.0551802,0.0464598,2.0076,0.0741073,
2.473,-0.00483186,0.0289304,0.0665378,1.05722,0.230305,0.0550978,0.0463258,2.00752,0.0740517,
2.474,-0.00508195,0.0290048,0.0665831,1.05699,0.230352,0.0550121,0.0461887,2.00745,0.0739781,
2.475,-0.00533332,0.0290795,0.0666278,1.05676,0.230398,0.0549222,0.0460521,2.00738,0.0738884,
2.476,-0.00558351,0.0291561,0.0666716,1.05653,0.230442,0.0548321,0.0459176,2.00731,0.0737885,
2.477,-0.00583018,0.0292346,0.0667238,1.05629,0.230482,0.0547375,0.0457837,2.00725,0.0736775,
2.478,-0.00607575,0.0293134,0.0667818,1.05605,0.23052,0.0546387,0.0456491,2.00718,0.0735575,
2.479,-0.00631754,0.0293952,0.0668474,1.05581,0.230554,0.0545362,0.0455165,2.00713,0.0734327,
2.48,-0.0065525,0.0294865,0.0669221,1.05557,0.230584,0.0544304,0.0453878,2.00708,0.0733036,
2.481,-0.0067859,0.0295761,0.0670059,1.05532,0.230612,0.0543204,0.0452725,2.00705,0.0731793,
2.482,-0.00701146,0.0296678,0.0671074,1.05507,0.230638,0.0542083,0.0451589,2.00702,0.0730484,
2.483,-0.00723381,0.0297631,0.0672208,1.05482,0.230664,0.0540966,0.0450521,2.00699,0.0729197,
2.484,-0.00745447,0.0298649,0.0673417,1.05457,0.230689,0.0539839,0.0449534,2.00697,0.0727899,
2.485,-0.00767471,0.0299689,0.0674753,1.05432,0.230716,0.0538775,0.0448493,2.00695,0.072648,
2.486,-0.00789618,0.0300727,0.0676159,1.05407,0.230744,0.0537722,0.044748,2.00694,0.0725059,
2.487,-0.00812117,0.0301806,0.0677594,1.05383,0.230772,0.0536712,0.0446527,2.00692,0.0723641,
2.488,-0.00834907,0.0302921,0.0679073,1.05358,0.230802,0.0535831,0.0445594,2.00691,0.0722185,
2.489,-0.00858325,0.0304155,0.0680559,1.05335,0.230833,0.0535064,0.0444743,2.00689,0.0720759,
2.49,-0.008818,0.0305405,0.0682131,1.05312,0.230866,0.0534466,0.0443872,2.00688,0.0719271,
2.491,-0.00905687,0.0306727,0.0683718,1.05289,0.230901,0.0533971,0.0443018,2.00686,0.0717768,
2.492,-0.00929505,0.030811,0.0685419,1.05267,0.230939,0.0533639,0.0442148,2.00684,0.07162,
2.493,-0.00953297,0.0309528,0.06872,1.05245,0.230978,0.0533459,0.0441262,2.00682,0.0714595,
2.494,-0.00976851,0.0310979,0.0689092,1.05224,0.23102,0.0533468,0.0440347,2.0068,0.0712939,
2.495,-0.0100024,0.031247,0.0691055,1.05203,0.231062,0.0533656,0.0439359,2.00678,0.0711239,
2.496,-0.0102353,0.0314039,0.0693042,1.05183,0.231111,0.0534,0.0438193,2.00675,0.0709518,
2.497,-0.0104663,0.0315629,0.0695146,1.05163,0.231165,0.0534556,0.0437074,2.00673,0.0707721,
2.498,-0.0106938,0.0317232,0.0697322,1.05143,0.231221,0.0535293,0.0436051,2.00671,0.0705801,
2.499,-0.0109172,0.0318831,0.0699624,1.05124,0.231279,0.0536159,0.0435232,2.00669,0.0703751,
2.5,-0.0111358,0.0320413,0.0702031,1.05106,0.231339,0.0537148,0.0434559,2.00667,0.0701564,
2.501,-0.0113512,0.0321975,0.0704506,1.05087,0.231403,0.0538264,0.0433976,2.00665,0.0699283,
2.502,-0.0115623,0.0323499,0.0707035,1.05069,0.23147,0.0539475,0.0433425,2.00664,0.0696944,
2.503,-0.0117719,0.0324994,0.0709567,1.0505,0.23154,0.0540727,0.0432888,2.00662,0.0694542,
2.504,-0.0119794,0.0326458,0.0712099,1.05032,0.231612,0.0542049,0.0432341,2.0066,0.0692094,
2.505,-0.0121852,0.0327881,0.0714616,1.05014,0.231686,0.0543401,0.0431768,2.00658,0.06896,
2.506,-0.0123894,0.0329266,0.0717117,1.04995,0.231762,0.0544734,0.0431191,2.00656,0.0687078,
2.507,-0.0125923,0.0330617,0.0719555,1.04977,0.231839,0.0546108,0.0430605,2.00655,0.0684499,
2.508,-0.0127951,0.0331947,0.072193,1.04959,0.231916,0.0547471,0.0430005,2.00654,0.0681873,
2.509,-0.0129958,0.0333225,0.0724234,1.04941,0.231996,0.0548799,0.0429398,2.00653,0.0679211,
2.51,-0.0131949,0.0334483,0.0726469,1.04922,0.232078,0.0550146,0.0428786,2.00652,0.0676503,
2.511,-0.0133945,0.0335709,0.072865,1.04904,0.232163,0.055151,0.0428168,2.00652,0.0673755,
2.512,-0.0135948,0.0336901,0.0730773,1.04885,0.232249,0.055288,0.0427546,2.00651,0.0670964,
2.513,-0.0137922,0.0338023,0.0732856,1.04865,0.232338,0.0554292,0.0426924,2.00651,0.0668142,
2.514,-0.0139886,0.0339106,0.0734882,1.04846,0.232428,0.0555656,0.0426308,2.0065,0.0665274,
2.515,-0.0141851,0.0340161,0.0736854,1.04826,0.232519,0.0557011,0.0425685,2.0065,0.0662367,
2.516,-0.014383,0.0341194,0.0738777,1.04806,0.232612,0.0558337,0.0425055,2.0065,0.0659424,
2.517,-0.0145828,0.0342215,0.0740647,1.04786,0.232704,0.0559599,0.0424414,2.00649,0.0656446,
2.518,-0.0147829,0.0343195,0.0742479,1.04765,0.232796,0.0560808,0.0423763,2.00649,0.0653437,
2.519,-0.0149858,0.0344186,0.0744247,1.04744,0.232888,0.0561944,0.0423096,2.00648,0.06504,
2.52,-0.015189,0.0345127,0.0745983,1.04723,0.232979,0.0563006,0.0422421,2.00648,0.0647339,
2.521,-0.0153927,0.0346057,0.0747661,1.04702,0.233071,0.0563962,0.0421738,2.00647,0.0644248,
2.522,-0.015599,0.0346984,0.074928,1.0468,0.233162,0.0564809,0.0421048,2.00646,0.0641129,
2.523,-0.0158084,0.0347913,0.0750827,1.04659,0.233253,0.0565546,0.0420353,2.00645,0.0637981,
2.524,-0.0160172,0.0348798,0.0752324,1.04637,0.233343,0.0566164,0.0419651,2.00643,0.0634835,
2.525,-0.0162244,0.0349677,0.0753747,1.04615,0.233432,0.0566671,0.0418942,2.00642,0.0631685,
2.526,-0.0164315,0.0350563,0.075508,1.04593,0.23352,0.0567074,0.0418236,2.0064,0.0628523,
2.527,-0.0166397,0.0351471,0.0756326,1.04571,0.233606,0.0567368,0.0417532,2.00638,0.0625359,
2.528,-0.0168483,0.0352383,0.075748,1.04549,0.233692,0.056755,0.0416836,2.00636,0.0622198,
2.529,-0.0170544,0.0353291,0.0758551,1.04527,0.233775,0.0567617,0.0416146,2.00634,0.0619069,
2.53,-0.0172583,0.0354232,0.0759535,1.04504,0.233854,0.0567579,0.0415472,2.00631,0.0615982,
2.531,-0.0174623,0.0355204,0.0760423,1.04482,0.233932,0.0567443,0.041482,2.00629,0.0612923,
2.532,-0.0176647,0.0356183,0.0761224,1.0446,0.234006,0.0567207,0.0414217,2.00626,0.0609976,
2.533,-0.0178657,0.0357188,0.0761921,1.04437,0.234078,0.0566873,0.0413663,2.00623,0.0607118,
2.534,-0.0180657,0.0358207,0.0762514,1.04415,0.234147,0.0566447,0.041318,2.00621,0.0604394,
2.535,-0.0182626,0.0359225,0.0763005,1.04393,0.234211,0.0565924,0.0412772,2.00618,0.0601815,
2.536,-0.0184584,0.0360272,0.0763386,1.04371,0.234273,0.0565314,0.0412448,2.00615,0.0599391,
2.537,-0.0186532,0.036133,0.0763661,1.04349,0.23433,0.0564616,0.0412237,2.00612,0.0597145,
2.538,-0.0188432,0.0362405,0.0763834,1.04328,0.234384,0.0563836,0.041214,2.00609,0.0595079,
2.539,-0.0190247,0.0363451,0.0763907,1.04307,0.234431,0.0562965,0.0412138,2.00607,0.0593167,
2.54,-0.0192032,0.0364512,0.0763876,1.04286,0.234471,0.0562016,0.0412234,2.00604,0.0591459,
2.541,-0.0193787,0.0365571,0.0763729,1.04266,0.234505,0.0560991,0.0412468,2.00602,0.0590026,
2.542,-0.0195539,0.0366584,0.0763461,1.04247,0.234532,0.0559892,0.0412775,2.00599,0.0588903,
2.543,-0.0197301,0.0367547,0.0763041,1.04228,0.234556,0.0558724,0.041317,2.00595,0.0588022,
2.544,-0.0199237,0.0368429,0.0762436,1.04209,0.234572,0.0557491,0.0413613,2.00592,0.0587438,
2.545,-0.0201191,0.0369299,0.0761671,1.04191,0.234582,0.055621,0.0414085,2.00589,0.0587112,
2.546,-0.0203146,0.03702,0.076076,1.04173,0.234578,0.0554887,0.0414633,2.00586,0.0587035,
2.547,-0.0205082,0.037113,0.0759711,1.04156,0.234573,0.055356,0.0415196,2.00581,0.0587121,
2.548,-0.0206995,0.0372089,0.0758528,1.04139,0.234563,0.0552253,0.0415868,2.00577,0.0587341,
2.549,-0.0208901,0.0373067,0.0757215,1.04123,0.234554,0.0551007,0.04166,2.00572,0.0587711,
2.55,-0.0210787,0.0374068,0.0755767,1.04107,0.234544,0.0549841,0.041743,2.00568,0.0588134,
2.551,-0.0212646,0.0375085,0.0754186,1.04091,0.234533,0.0548776,0.0418328,2.00563,0.058863,
2.552,-0.0214479,0.0376127,0.0752469,1.04075,0.234524,0.0547883,0.0419313,2.00558,0.0589166,
2.553,-0.0216238,0.0377226,0.0750619,1.0406,0.234508,0.0547168,0.0420343,2.00554,0.0589738,
2.554,-0.0217944,0.0378366,0.0748627,1.04046,0.234489,0.0546675,0.0421449,2.0055,0.0590337,
2.555,-0.0219618,0.0379528,0.0746508,1.04032,0.234472,0.0546409,0.0422597,2.00545,0.0590955,
2.556,-0.0221237,0.0380713,0.074425,1.04019,0.234452,0.0546378,0.04238,2.00541,0.0591568,
2.557,-0.0222797,0.0381915,0.0741854,1.04006,0.234429,0.054657,0.0425065,2.00537,0.0592125,
2.558,-0.022425,0.038313,0.0739316,1.03993,0.234396,0.0546983,0.0426352,2.00534,0.0592623,
2.559,-0.022564,0.0384359,0.0736652,1.0398,0.234361,0.0547564,0.0427673,2.00531,0.0593089,
2.56,-0.022699,0.0385598,0.0733849,1.03968,0.234324,0.0548309,0.0429047,2.00528,0.0593495,
2.561,-0.0228299,0.0386841,0.073091,1.03956,0.234285,0.0549203,0.0430464,2.00524,0.0593852,
2.562,-0.0229473,0.0388074,0.0727803,1.03944,0.234232,0.0550213,0.0431914,2.00522,0.0594122,
2.563,-0.0230612,0.0389301,0.0724581,1.03932,0.234178,0.055131,0.0433379,2.00519,0.0594372,
2.564,-0.0231693,0.0390547,0.0721223,1.03921,0.234119,0.0552471,0.0434886,2.00517,0.0594572,
2.565,-0.0232692,0.0391803,0.071772,1.03909,0.234053,0.0553672,0.0436441,2.00515,0.0594678,
2.566,-0.0233642,0.0393051,0.0714076,1.03898,0.233983,0.0554913,0.0438038,2.00512,0.0594701,
2.567,-0.0234554,0.0394291,0.0710324,1.03887,0.233907,0.0556138,0.0439679,2.0051,0.0594655,
2.568,-0.0235414,0.0395514,0.0706474,1.03876,0.233825,0.055736,0.0441373,2.00508,0.0594531,
2.569,-0.0236235,0.0396718,0.0702588,1.03865,0.233738,0.0558557,0.0443105,2.00506,0.0594345,
2.57,-0.0237005,0.0397921,0.069864,1.03853,0.233645,0.0559733,0.0444898,2.00504,0.0594112,
2.571,-0.0237748,0.0399077,0.0694712,1.03842,0.233549,0.0560864,0.0446733,2.00502,0.0593801,
2.572,-0.023845,0.0400225,0.0690812,1.03831,0.233449,0.0561941,0.0448624,2.005,0.0593416,
2.573,-0.0239113,0.040135,0.0687057,1.0382,0.233345,0.0562957,0.0450585,2.00497,0.0592952,
2.574,-0.023975,0.0402374,0.0683644,1.03809,0.233238,0.0563902,0.0452588,2.00494,0.0592415,
2.575,-0.0240355,0.0403309,0.0680616,1.03798,0.233126,0.0564767,0.045463,2.00491,0.0591804,
2.576,-0.0240939,0.0404179,0.0678147,1.03788,0.23301,0.0565546,0.0456741,2.00488,0.0591092,
2.577,-0.0241547,0.0404948,0.0676323,1.03777,0.232896,0.0566236,0.0458936,2.00483,0.059028,
2.578,-0.0242266,0.0405672,0.067514,1.03766,0.232792,0.056683,0.0461278,2.00478,0.0589394,
2.579,-0.0243035,0.040614,0.0674527,1.03755,0.232693,0.0567338,0.0463661,2.00472,0.0588461,
2.58,-0.024383,0.0406479,0.0674474,1.03744,0.232591,0.0567748,0.0466051,2.00466,0.0587515,
2.581,-0.024467,0.0406714,0.0674976,1.03734,0.232487,0.0568056,0.0468454,2.0046,0.0586537,
2.582,-0.0245589,0.0406899,0.0675956,1.03724,0.232384,0.056826,0.0470886,2.00453,0.0585555,
2.583,-0.0246623,0.0406999,0.0677346,1.03714,0.232283,0.0568335,0.0473334,2.00446,0.0584593,
2.584,-0.0247762,0.0407091,0.0678922,1.03703,0.232187,0.0568277,0.0475822,2.00438,0.0583634,
2.585,-0.0248987,0.0407172,0.068067,1.03693,0.232092,0.0568091,0.0478322,2.0043,0.0582691,
2.586,-0.0250281,0.040729,0.0682517,1.03682,0.232001,0.0567777,0.0480855,2.00421,0.0581753,
2.587,-0.0251601,0.0407457,0.0684342,1.0367,0.231919,0.056734,0.0483445,2.00411,0.0580846,
2.588,-0.0252918,0.0407635,0.0686089,1.03658,0.231839,0.0566788,0.0486022,2.004,0.057999,
2.589,-0.0254214,0.040783,0.0687756,1.03646,0.231759,0.056612,0.0488587,2.00389,0.0579203,
2.59,-0.0255485,0.0408041,0.0689328,1.03634,0.23168,0.0565318,0.0491119,2.00378,0.0578538,
2.591,-0.0256731,0.0408262,0.0690801,1.03621,0.231602,0.0564385,0.0493587,2.00368,0.0578071,
2.592,-0.025793,0.0408516,0.0692163,1.03608,0.231527,0.0563321,0.0496035,2.00357,0.0577738,
2.593,-0.0259101,0.0408781,0.0693438,1.03595,0.231453,0.0562141,0.0498418,2.00347,0.0577572,
2.594,-0.0260171,0.0409053,0.0694641,1.03582,0.231378,0.0560837,0.0500767,2.00336,0.0577611,
2.595,-0.026119,0.040937,0.069573,1.03569,0.231303,0.0559425,0.050308,2.00326,0.0577856,
2.596,-0.0262139,0.0409699,0.069672,1.03556,0.231228,0.0557903,0.0505399,2.00315,0.0578202,
2.597,-0.0263051,0.0410061,0.0697597,1.03542,0.231151,0.055628,0.0507707,2.00305,0.0578673,
2.598,-0.0263919,0.0410448,0.0698371,1.03529,0.231072,0.055456,0.0509986,2.00295,0.0579347,
2.599,-0.026474,0.0410841,0.069905,1.03516,0.230993,0.0552778,0.0512211,2.00286,0.0580305,
2.6,-0.026552,0.0411249,0.0699633,1.03503,0.230913,0.0550921,0.0514392,2.00277,0.0581571,
2.601,-0.0266269,0.0411667,0.0700115,1.0349,0.230833,0.054898,0.0516538,2.00268,0.0583125,
2.602,-0.0266999,0.0412095,0.0700491,1.03478,0.230752,0.0546981,0.0518649,2.0026,0.0584992,
2.603,-0.0267715,0.0412527,0.0700763,1.03466,0.230673,0.0544912,0.0520729,2.00252,0.0587106,
2.604,-0.0268416,0.0412952,0.0700926,1.03454,0.230594,0.0542798,0.0522792,2.00245,0.0589439,
2.605,-0.0269093,0.0413367,0.0700981,1.03443,0.230516,0.0540654,0.0524833,2.00238,0.0591959,
2.606,-0.0269756,0.0413764,0.0700927,1.03432,0.23044,0.0538437,0.0526889,2.00231,0.0594619,
2.607,-0.027044,0.0414153,0.0700768,1.03421,0.230366,0.0536182,0.0528949,2.00225,0.0597426,
2.608,-0.0271103,0.0414543,0.0700505,1.0341,0.230295,0.053385,0.0531006,2.00218,0.0600347,
2.609,-0.0271744,0.0414936,0.070013,1.034,0.230228,0.0531453,0.0533064,2.00212,0.0603401,
2.61,-0.0272364,0.0415337,0.0699643,1.03391,0.230164,0.0529013,0.0535152,2.00205,0.0606515,
2.611,-0.0272974,0.0415756,0.0699039,1.03381,0.230105,0.0526536,0.0537257,2.00199,0.0609691,
2.612,-0.0273572,0.0416188,0.0698319,1.03372,0.230051,0.052409,0.0539378,2.00194,0.0612903,
2.613,-0.0274145,0.0416624,0.0697486,1.03363,0.230005,0.0521837,0.0541503,2.00188,0.0616167,
2.614,-0.0274688,0.0417066,0.0696533,1.03356,0.229966,0.0519809,0.0543647,2.00182,0.061949,
2.615,-0.0275209,0.0417519,0.0695463,1.03348,0.229936,0.0518118,0.0545819,2.00176,0.0622833,
2.616,-0.0275683,0.0417977,0.0694274,1.03342,0.229915,0.0516754,0.0548043,2.00171,0.0626176,
2.617,-0.0276116,0.0418453,0.0692964,1.03336,0.229903,0.0515751,0.0550332,2.00166,0.0629519,
2.618,-0.0276508,0.0418946,0.0691534,1.03331,0.2299,0.0515153,0.0552685,2.00161,0.0632814,
2.619,-0.0276853,0.0419457,0.0689983,1.03327,0.229904,0.0514873,0.0555129,2.00156,0.0636098,
2.62,-0.0277142,0.0419994,0.0688305,1.03323,0.229914,0.051484,0.0557673,2.00152,0.0639352,
2.621,-0.0277383,0.042055,0.0686505,1.0332,0.229929,0.0515046,0.0560331,2.00148,0.0642546,
2.622,-0.0277543,0.0421143,0.0684574,1.03316,0.229944,0.05154,0.0563128,2.00144,0.0645692,
2.623,-0.0277657,0.0421764,0.0682523,1.03313,0.22996,0.051589,0.0566022,2.00141,0.0648758,
2.624,-0.0277709,0.0422406,0.0680347,1.0331,0.229975,0.0516438,0.0569064,2.00138,0.0651755,
2.625,-0.0277701,0.0423069,0.0678043,1.03308,0.229988,0.0517014,0.0572263,2.00135,0.0654672,
2.626,-0.0277634,0.0423754,0.0675612,1.03305,0.23,0.0517609,0.0575622,2.00132,0.0657504,
2.627,-0.027752,0.0424457,0.0673057,1.03303,0.230012,0.0518239,0.0579132,2.00129,0.0660236,
2.628,-0.0277325,0.0425191,0.0670366,1.033,0.230016,0.0518924,0.0582851,2.00127,0.0662872,
2.629,-0.0277056,0.0425973,0.0667549,1.03298,0.230011,0.0519663,0.0586691,2.00124,0.0665388,
2.63,-0.0276731,0.0426784,0.0664609,1.03296,0.229998,0.0520443,0.0590668,2.00122,0.066778,
2.631,-0.0276363,0.0427614,0.0661547,1.03294,0.229982,0.0521264,0.0594774,2.00121,0.0670044,
2.632,-0.0275909,0.0428469,0.0658348,1.03292,0.229956,0.0522137,0.0599084,2.0012,0.0672179,
2.633,-0.0275393,0.042938,0.0655027,1.0329,0.229915,0.0523055,0.0603463,2.00119,0.0674172,
2.634,-0.0274841,0.0430318,0.0651584,1.03288,0.229868,0.0523998,0.0607945,2.00119,0.0676022,
2.635,-0.0274237,0.0431283,0.0648053,1.03287,0.229814,0.0524986,0.0612562,2.0012,0.0677721,
2.636,-0.0273586,0.0432282,0.064443,1.03286,0.229749,0.0526013,0.0617273,2.0012,0.0679258,
2.637,-0.0272897,0.0433314,0.0640743,1.03286,0.229676,0.0527097,0.0622076,2.00121,0.0680637,
2.638,-0.0272171,0.0434388,0.0636965,1.03286,0.22959,0.0528235,0.0626953,2.00122,0.0681849,
2.639,-0.0271422,0.0435502,0.0633221,1.03286,0.229495,0.052943,0.0631894,2.00124,0.0682897,
2.64,-0.0270655,0.0436648,0.0629551,1.03287,0.229393,0.0530676,0.0636908,2.00125,0.0683785,
2.641,-0.0269868,0.0437827,0.0626059,1.03288,0.229281,0.0531928,0.064199,2.00127,0.0684496,
2.642,-0.0269121,0.0439081,0.0622808,1.0329,0.229155,0.0533146,0.0647096,2.00129,0.0685028,
2.643,-0.0268471,0.0440439,0.0620083,1.03292,0.229023,0.05343,0.0652221,2.00131,0.0685402,
2.644,-0.0267877,0.0441849,0.0617743,1.03295,0.228885,0.0535407,0.0657394,2.00133,0.068561,
2.645,-0.0267351,0.0443323,0.0615885,1.03298,0.228742,0.0536457,0.0662615,2.00135,0.0685648,
2.646,-0.0266923,0.0444858,0.0614593,1.03302,0.228593,0.0537459,0.0667884,2.00137,0.06855,
2.647,-0.02666,0.0446488,0.0613899,1.03306,0.228441,0.0538404,0.0673188,2.00139,0.0685197,
2.648,-0.0266367,0.0448196,0.0613746,1.0331,0.228286,0.0539309,0.0678539,2.00141,0.0684724,
2.649,-0.0266043,0.0449868,0.061412,1.03315,0.228126,0.0540215,0.0683938,2.00142,0.068408,
2.65,-0.026564,0.0451499,0.0614982,1.03319,0.227963,0.0541122,0.0689385,2.00144,0.0683271,
2.651,-0.0265174,0.0453073,0.0616191,1.03324,0.227797,0.054202,0.0694872,2.00145,0.0682292,
2.652,-0.0264713,0.0454661,0.0617636,1.03329,0.22763,0.0542888,0.0700435,2.00146,0.0681132,
2.653,-0.0264179,0.0456216,0.0619337,1.03334,0.227463,0.0543749,0.0706027,2.00146,0.0679829,
2.654,-0.0263601,0.0457723,0.0621211,1.03338,0.227294,0.0544621,0.0711668,2.00146,0.0678367,
2.655,-0.026303,0.0459212,0.0623063,1.03343,0.227125,0.0545492,0.0717357,2.00147,0.0676755,
2.656,-0.0262451,0.0460676,0.0624913,1.03348,0.226958,0.0546319,0.0723106,2.00146,0.0674981,
2.657,-0.0261862,0.0462118,0.0626727,1.03353,0.226791,0.0547135,0.0728893,2.00146,0.0673074,
2.658,-0.0261284,0.0463508,0.0628471,1.03357,0.226632,0.0547921,0.0734752,2.00145,0.0671046,
2.659,-0.0260695,0.0464869,0.0630107,1.03361,0.226472,0.0548718,0.0740626,2.00144,0.0668907,
2.66,-0.026011,0.0466192,0.0631619,1.03366,0.226314,0.054952,0.0746495,2.00143,0.0666754,
2.661,-0.0259522,0.046748,0.0633007,1.0337,0.226157,0.0550287,0.0752316,2.00141,0.0664636,
2.662,-0.0258933,0.046873,0.0634271,1.03375,0.226003,0.0551016,0.0758099,2.0014,0.0662568,
2.663,-0.0258341,0.046995,0.0635392,1.03379,0.225851,0.0551698,0.0763801,2.00138,0.0660628,
2.664,-0.0257744,0.0471152,0.0636368,1.03383,0.225701,0.0552333,0.076936,2.00136,0.0658916,
2.665,-0.0257143,0.0472317,0.0637204,1.03387,0.225555,0.0552886,0.0774758,2.00135,0.0657467,
2.666,-0.0256536,0.0473455,0.0637906,1.03391,0.225414,0.0553376,0.0779975,2.00133,0.0656335,
2.667,-0.0255921,0.0474559,0.0638488,1.03395,0.225277,0.0553787,0.0785032,2.00132,0.0655468,
2.668,-0.0255293,0.0475617,0.0638955,1.03398,0.22515,0.0554122,0.0789932,2.0013,0.065489,
2.669,-0.0254652,0.0476619,0.0639314,1.034,0.225032,0.0554376,0.0794671,2.00127,0.0654659,
2.67,-0.0253998,0.0477576,0.0639575,1.03403,0.224924,0.0554562,0.0799222,2.00125,0.065479,
2.671,-0.0253331,0.0478466,0.0639733,1.03404,0.224828,0.0554663,0.0803571,2.00123,0.0655309,
2.672,-0.0252656,0.0479319,0.0639761,1.03406,0.224742,0.0554699,0.0807708,2.00122,0.0656205,
2.673,-0.0251974,0.0480143,0.0639657,1.03408,0.224662,0.0554673,0.0811668,2.00121,0.0657399,
2.674,-0.0251283,0.0480941,0.0639415,1.03409,0.22459,0.0554579,0.0815453,2.0012,0.065886,
2.675,-0.0250581,0.0481705,0.0639035,1.03411,0.224529,0.0554419,0.0819117,2.0012,0.0660497,
2.676,-0.0249853,0.0482405,0.063854,1.0341,0.22449,0.0554137,0.0822742,2.00118,0.0662306,
2.677,-0.0249094,0.0483036,0.0637951,1.0341,0.224474,0.0553781,0.0826359,2.00116,0.0664302,
2.678,-0.0248315,0.0483662,0.0637272,1.0341,0.224463,0.0553466,0.0829845,2.00114,0.0666457,
2.679,-0.0247511,0.0484222,0.063647,1.03409,0.224472,0.055318,0.0833295,2.00113,0.0668661,
2.68,-0.0246684,0.0484776,0.0635565,1.0341,0.224487,0.0552935,0.0836661,2.00112,0.0670911,
2.681,-0.0245827,0.048532,0.0634573,1.03411,0.224512,0.0552802,0.0839977,2.00112,0.0673186,
2.682,-0.0244941,0.0485836,0.0633455,1.03412,0.224553,0.0552782,0.0843276,2.00111,0.0675441,
2.683,-0.0244013,0.0486335,0.0632271,1.03414,0.224608,0.0552907,0.0846574,2.0011,0.0677639,
2.684,-0.0243015,0.0486814,0.063109,1.03416,0.224677,0.0553198,0.0849879,2.00108,0.0679779,
2.685,-0.0241935,0.0487244,0.0629905,1.03418,0.224767,0.0553591,0.0853235,2.00105,0.0681823,
2.686,-0.0240793,0.0487668,0.0628776,1.03421,0.224865,0.0554173,0.0856585,2.00103,0.0683763,
2.687,-0.0239583,0.0488057,0.0627717,1.03425,0.224972,0.0554878,0.0859928,2.001,0.0685592,
2.688,-0.0238301,0.0488409,0.0626751,1.0343,0.225086,0.0555775,0.086325,2.00098,0.0687306,
2.689,-0.0236948,0.0488724,0.0625908,1.03436,0.225206,0.0556782,0.0866548,2.00096,0.068891,
2.69,-0.023551,0.0489012,0.0625197,1.03443,0.225329,0.0557923,0.0869804,2.00094,0.0690404,
2.691,-0.0234008,0.0489293,0.0624719,1.03451,0.225455,0.0559168,0.0873008,2.00092,0.0691797,
2.692,-0.0232468,0.0489524,0.0624505,1.03459,0.225583,0.0560506,0.0876174,2.00091,0.0693088,
2.693,-0.0230846,0.0489747,0.0624484,1.03467,0.225714,0.0561902,0.0879277,2.00089,0.0694271,
2.694,-0.0229219,0.0489923,0.0624695,1.03477,0.225848,0.0563345,0.0882343,2.00088,0.0695361,
2.695,-0.0227544,0.0490087,0.0625048,1.03487,0.225986,0.0564796,0.0885356,2.00087,0.0696356,
2.696,-0.0225826,0.0490259,0.0625492,1.03498,0.226127,0.0566268,0.0888312,2.00086,0.0697264,
2.697,-0.0224065,0.0490433,0.0626057,1.03509,0.226269,0.0567722,0.0891209,2.00085,0.0698078,
2.698,-0.0222262,0.0490608,0.0626793,1.0352,0.226413,0.0569152,0.0894038,2.00083,0.0698803,
2.699,-0.0220405,0.0490815,0.0627631,1.03531,0.226557,0.057053,0.0896787,2.00083,0.0699446,
2.7,-0.0218514,0.049099,0.0628567,1.03543,0.226705,0.0571855,0.0899483,2.00082,0.0700005,
2.701,-0.02166,0.0491186,0.0629478,1.03555,0.226857,0.0573093,0.0902131,2.00081,0.0700484,
2.702,-0.0214655,0.0491392,0.0630398,1.03567,0.227015,0.0574229,0.0904729,2.0008,0.0700885,
2.703,-0.021258,0.0491715,0.0631267,1.03578,0.227174,0.0575233,0.0907215,2.00079,0.0701215,
2.704,-0.0210433,0.0492078,0.0632078,1.0359,0.227331,0.0576164,0.090962,2.00079,0.0701482,
2.705,-0.0208205,0.0492497,0.0632855,1.03603,0.227488,0.0576999,0.0911946,2.00079,0.0701674,
2.706,-0.0205891,0.0492973,0.0633598,1.03615,0.227649,0.0577758,0.0914182,2.00078,0.0701808,
2.707,-0.0203512,0.0493485,0.0634284,1.03628,0.227814,0.0578448,0.0916358,2.00078,0.0701912,
2.708,-0.0201119,0.0493992,0.0634927,1.03642,0.227983,0.0579083,0.0918496,2.00079,0.0701945,
2.709,-0.0198666,0.049454,0.0635508,1.03656,0.228164,0.0579628,0.0920578,2.00079,0.0701977,
2.71,-0.0196164,0.0495118,0.0636049,1.0367,0.228348,0.0580112,0.0922605,2.00079,0.070198,
2.711,-0.0193547,0.0495802,0.0636549,1.03684,0.228527,0.058054,0.0924525,2.0008,0.0701945,
2.712,-0.0190834,0.049656,0.0637004,1.03699,0.228704,0.0580921,0.092635,2.00082,0.070189,
2.713,-0.0188022,0.0497403,0.0637386,1.03713,0.22888,0.0581255,0.0928089,2.00084,0.0701809,
2.714,-0.0185105,0.0498323,0.06377,1.03728,0.229054,0.058155,0.0929727,2.00087,0.0701696,
2.715,-0.0182079,0.049934,0.0637922,1.03743,0.229219,0.0581813,0.0931261,2.00091,0.0701532,
2.716,-0.0179001,0.0500396,0.0638039,1.03759,0.229388,0.0582037,0.0932741,2.00095,0.070132,
2.717,-0.0175859,0.0501518,0.0638056,1.03775,0.229559,0.0582213,0.0934151,2.001,0.0701042,
2.718,-0.0172679,0.0502675,0.0637974,1.03792,0.229733,0.0582324,0.0935513,2.00104,0.0700699,
2.719,-0.0169431,0.0503926,0.0637783,1.03809,0.229906,0.0582377,0.0936795,2.00109,0.0700281,
2.72,-0.0166118,0.050525,0.0637508,1.03826,0.230075,0.058237,0.0937998,2.00113,0.0699799,
2.721,-0.0162788,0.0506585,0.0637208,1.03843,0.230248,0.0582308,0.0939165,2.00118,0.069924,
2.722,-0.0159438,0.0507939,0.0636865,1.03861,0.230424,0.0582188,0.0940295,2.00123,0.0698613,
2.723,-0.0156088,0.050929,0.0636531,1.03878,0.230607,0.0582047,0.0941393,2.00129,0.069791,
2.724,-0.0152746,0.0510642,0.0636229,1.03897,0.230797,0.0581873,0.0942455,2.00134,0.069713,
2.725,-0.0149403,0.0511984,0.0635943,1.03915,0.230995,0.0581657,0.0943492,2.00139,0.0696265,
2.726,-0.0146079,0.0513325,0.0635704,1.03934,0.231204,0.0581467,0.0944502,2.00145,0.0695304,
2.727,-0.0142773,0.051463,0.0635559,1.03953,0.231419,0.0581212,0.0945499,2.0015,0.069426,
2.728,-0.0139488,0.0515902,0.0635493,1.03973,0.231643,0.058092,0.0946484,2.00156,0.0693122,
2.729,-0.0136232,0.051714,0.0635509,1.03992,0.231872,0.0580573,0.094746,2.00162,0.0691888,
2.73,-0.0133001,0.0518348,0.0635617,1.04012,0.23211,0.0580209,0.0948426,2.00168,0.0690553,
2.731,-0.0129808,0.0519506,0.0635859,1.04031,0.232353,0.057978,0.0949387,2.00173,0.0689119,
2.732,-0.0126645,0.0520602,0.0636238,1.0405,0.2326,0.0579328,0.0950338,2.00179,0.0687617,
2.733,-0.012353,0.0521658,0.0636781,1.04068,0.23285,0.0578867,0.0951282,2.00185,0.0686053,
2.734,-0.0120461,0.0522663,0.0637449,1.04087,0.233101,0.0578396,0.0952213,2.00191,0.0684418,
2.735,-0.0117419,0.0523638,0.0638184,1.04105,0.233355,0.0577913,0.0953135,2.00196,0.0682713,
2.736,-0.0114391,0.0524575,0.0639014,1.04123,0.233612,0.0577399,0.0954051,2.00202,0.0680952,
2.737,-0.0111393,0.052548,0.063996,1.0414,0.23387,0.0576859,0.0954966,2.00208,0.0679165,
2.738,-0.0108408,0.052636,0.0640985,1.04157,0.234132,0.0576257,0.0955875,2.00213,0.0677352,
2.739,-0.0105424,0.0527226,0.0642075,1.04175,0.234396,0.0575597,0.0956772,2.00219,0.0675511,
2.74,-0.0102428,0.0528085,0.0643211,1.04191,0.234664,0.057488,0.0957654,2.00225,0.0673633,
2.741,-0.00994318,0.0528927,0.0644394,1.04208,0.234934,0.0574126,0.0958522,2.0023,0.0671731,
2.742,-0.00964392,0.0529756,0.0645652,1.04225,0.235205,0.057334,0.0959371,2.00236,0.0669813,
2.743,-0.00934049,0.05306,0.0646873,1.04241,0.235478,0.0572523,0.0960197,2.00242,0.0667881,
2.744,-0.00903426,0.0531435,0.0648084,1.04256,0.235752,0.0571703,0.096101,2.00247,0.0665971,
2.745,-0.00872656,0.0532264,0.0649262,1.04272,0.236026,0.0570902,0.0961804,2.00253,0.0664082,
2.746,-0.00841825,0.0533093,0.0650419,1.04286,0.236298,0.0570183,0.0962573,2.00259,0.0662232,
2.747,-0.00811019,0.0533923,0.065156,1.043,0.236568,0.0569559,0.0963312,2.00265,0.0660424,
2.748,-0.00780346,0.0534746,0.06527,1.04314,0.236835,0.0569035,0.0964021,2.00272,0.0658678,
2.749,-0.00749947,0.0535568,0.0653845,1.04327,0.237099,0.0568646,0.0964695,2.00278,0.0656979,
2.75,-0.00719968,0.0536381,0.065502,1.04339,0.237359,0.0568405,0.0965332,2.00285,0.0655329,
2.751,-0.00690527,0.0537188,0.065622,1.0435,0.237615,0.0568327,0.0965938,2.00291,0.0653699,
2.752,-0.0066177,0.0537981,0.0657459,1.04361,0.237868,0.0568401,0.0966507,2.00298,0.0652113,
2.753,-0.00633727,0.053877,0.0658707,1.04371,0.238117,0.0568648,0.0967036,2.00304,0.0650607,
2.754,-0.00606359,0.0539534,0.0659952,1.04381,0.23836,0.0569118,0.0967527,2.00311,0.0649158,
2.755,-0.005796,0.054026,0.0661204,1.04389,0.238594,0.0569815,0.0967981,2.00318,0.064779,
2.756,-0.005541,0.0540992,0.0662496,1.04397,0.238826,0.0570675,0.0968381,2.00325,0.0646482,
2.757,-0.00529905,0.0541754,0.0663793,1.04404,0.239054,0.0571744,0.0968742,2.00331,0.0645251,
2.758,-0.00506872,0.05425,0.0665079,1.04411,0.239279,0.0573058,0.0969075,2.00337,0.0644084,
2.759,-0.00485111,0.0543233,0.066637,1.04418,0.2395,0.0574528,0.0969369,2.00342,0.064298,
2.76,-0.00464836,0.0543964,0.0667667,1.04424,0.239722,0.0576116,0.0969627,2.00348,0.0641907,
2.761,-0.00445557,0.0544698,0.0668925,1.04429,0.23994,0.0577896,0.0969872,2.00352,0.0640769,
2.762,-0.00427297,0.0545405,0.067016,1.04434,0.24015,0.0579911,0.0970091,2.00356,0.0639556,
2.763,-0.00410706,0.0546123,0.0671384,1.04438,0.240359,0.0582063,0.0970292,2.00359,0.0638248,
2.764,-0.00394637,0.0546825,0.0672546,1.04442,0.240563,0.058435,0.0970466,2.00362,0.0636882,
2.765,-0.00380052,0.0547547,0.0673681,1.04445,0.240768,0.0586757,0.0970617,2.00365,0.063543,
2.766,-0.00366421,0.0548252,0.0674795,1.04449,0.240973,0.0589245,0.0970746,2.00366,0.0633912,
2.767,-0.00353738,0.054895,0.0675876,1.04451,0.241178,0.0591802,0.0970839,2.00368,0.0632347,
2.768,-0.0034184,0.0549619,0.0676932,1.04454,0.241383,0.0594397,0.097089,2.00369,0.0630732,
2.769,-0.00330629,0.055026,0.0677971,1.04456,0.241588,0.0597012,0.0970892,2.0037,0.0629075,
2.77,-0.00320075,0.05509,0.0678989,1.04458,0.241795,0.0599608,0.0970835,2.00371,0.0627358,
2.771,-0.00309827,0.0551508,0.0679966,1.04459,0.242004,0.060219,0.0970749,2.00371,0.0625503,
2.772,-0.00299959,0.0552097,0.0680904,1.04459,0.242214,0.0604756,0.0970621,2.00371,0.0623488,
2.773,-0.00290507,0.0552653,0.0681786,1.0446,0.242424,0.0607284,0.097044,2.00371,0.0621322,
2.774,-0.00281304,0.0553212,0.0682617,1.0446,0.242635,0.0609764,0.0970191,2.00371,0.0618996,
2.775,-0.00272295,0.0553731,0.0683474,1.0446,0.242846,0.0612193,0.0969883,2.00371,0.0616515,
2.776,-0.002635,0.0554217,0.0684376,1.04459,0.243059,0.0614543,0.0969501,2.0037,0.0613905,
2.777,-0.00254911,0.0554665,0.0685316,1.04457,0.243274,0.0616811,0.0969038,2.0037,0.0611182,
2.778,-0.002464,0.0555089,0.0686298,1.04455,0.24349,0.0618999,0.0968473,2.0037,0.0608365,
2.779,-0.00237853,0.0555479,0.0687319,1.04453,0.243706,0.0621106,0.0967809,2.0037,0.0605477,
2.78,-0.00229183,0.0555833,0.0688388,1.04449,0.243923,0.0623133,0.0967033,2.0037,0.0602496,
2.781,-0.00219831,0.0556142,0.0689528,1.04445,0.244138,0.062508,0.0966145,2.0037,0.0599426,
2.782,-0.00210438,0.0556418,0.0690665,1.0444,0.244354,0.0626954,0.0965152,2.00371,0.0596293,
2.783,-0.00201115,0.055665,0.0691809,1.04434,0.244571,0.062875,0.0964061,2.00372,0.0593158,
2.784,-0.00192055,0.0556836,0.0693021,1.04429,0.244789,0.0630481,0.0962841,2.00372,0.0589987,
2.785,-0.00182931,0.0557009,0.0694244,1.04422,0.245008,0.0632143,0.096149,2.00374,0.0586799,
2.786,-0.00173634,0.0557182,0.0695511,1.04415,0.245228,0.0633734,0.0960033,2.00375,0.0583675,
2.787,-0.00164655,0.0557294,0.069692,1.04407,0.245448,0.0635267,0.0958483,2.00376,0.0580635,
2.788,-0.00155994,0.0557379,0.0698477,1.04399,0.245669,0.0636747,0.0956823,2.00377,0.0577649,
2.789,-0.00147742,0.0557439,0.0700244,1.0439,0.245891,0.0638177,0.0955061,2.00379,0.0574789,
2.79,-0.00139842,0.0557485,0.0702192,1.04381,0.246113,0.0639562,0.0953224,2.0038,0.0572131,
2.791,-0.00132513,0.0557501,0.0704341,1.04371,0.246336,0.0640907,0.095132,2.00382,0.0569694,
2.792,-0.00125517,0.0557528,0.070665,1.0436,0.24656,0.0642217,0.0949368,2.00384,0.056758,
2.793,-0.00118736,0.0557594,0.0709119,1.04349,0.246784,0.0643495,0.0947371,2.00387,0.0565745,
2.794,-0.00112369,0.0557655,0.0711761,1.04337,0.247009,0.0644744,0.0945338,2.00389,0.056407,
2.795,-0.00105981,0.055777,0.0714429,1.04325,0.247234,0.0645977,0.0943267,2.00392,0.0562602,
2.796,-0.000996469,0.0557925,0.0717115,1.04311,0.247459,0.0647195,0.0941185,2.00396,0.0561417,
2.797,-0.000931868,0.0558184,0.0719859,1.04297,0.247686,0.0648412,0.0939108,2.004,0.0560596,
2.798,-0.000867636,0.055846,0.0722602,1.04283,0.247912,0.0649611,0.093707,2.00405,0.0560352,
2.799,-0.000802985,0.055875,0.0725319,1.04267,0.248138,0.0650811,0.093507,2.00411,0.0560614,
2.8,-0.000736175,0.0559144,0.0727989,1.04252,0.248366,0.0652034,0.093317,2.00419,0.0561332,
2.801,-0.000673689,0.0559567,0.0730686,1.04235,0.248595,0.0653253,0.0931263,2.00427,0.0562726,
2.802,-0.000615226,0.0560011,0.0733426,1.04219,0.248822,0.0654475,0.092934,2.00434,0.0564761,
2.803,-0.000561613,0.0560503,0.0736208,1.04202,0.249047,0.0655723,0.0927493,2.00439,0.056726,
2.804,-0.000512876,0.0561026,0.0739003,1.04185,0.24927,0.0656978,0.092564,2.00444,0.0570301,
2.805,-0.000469554,0.056158,0.0741808,1.04167,0.24949,0.0658241,0.0923857,2.00447,0.0573694,
2.806,-0.00043196,0.0562161,0.0744629,1.0415,0.249706,0.0659516,0.0922109,2.0045,0.0577557,
2.807,-0.000398182,0.0562741,0.0747464,1.04132,0.249917,0.0660787,0.0920393,2.00452,0.058181,
2.808,-0.000374135,0.0563358,0.0750327,1.04114,0.250123,0.0662093,0.0918686,2.00454,0.0586257,
2.809,-0.000357168,0.0563942,0.0753292,1.04097,0.250326,0.0663374,0.0917002,2.00455,0.0591026,
2.81,-0.000342871,0.0564488,0.075634,1.04079,0.250523,0.0664646,0.0915353,2.00455,0.0596016,
2.811,-0.00033183,0.0565004,0.0759475,1.04062,0.250713,0.0665926,0.0913736,2.00455,0.0601197,
2.812,-0.000328627,0.0565499,0.0762706,1.04045,0.250895,0.0667199,0.0912113,2.00454,0.0606474,
2.813,-0.000333093,0.056597,0.0766019,1.04028,0.251071,0.0668467,0.0910474,2.00454,0.0611883,
2.814,-0.000345903,0.056639,0.0769406,1.04011,0.251241,0.0669702,0.0908833,2.00453,0.0617424,
2.815,-0.000363291,0.0566741,0.0772929,1.03994,0.251405,0.0670926,0.0907189,2.00452,0.0623056,
2.816,-0.000383201,0.0567036,0.0776586,1.03978,0.251562,0.067213,0.0905523,2.00451,0.0628707,
2.817,-0.00040791,0.0567313,0.0780295,1.03962,0.251711,0.0673333,0.0903814,2.00452,0.0634351,
2.818,-0.000438081,0.0567533,0.0784093,1.03946,0.251857,0.0674498,0.0902113,2.00452,0.0640051,
2.819,-0.000467826,0.0567705,0.0787942,1.03931,0.251996,0.0675657,0.0900406,2.00452,0.0645803,
2.82,-0.000499535,0.0567824,0.0791809,1.03915,0.252131,0.06768,0.0898679,2.00452,0.065154,
2.821,-0.000532142,0.0567911,0.0795679,1.03899,0.252262,0.0677931,0.0896928,2.00453,0.0657237,
2.822,-0.00056293,0.0567973,0.0799533,1.03884,0.252388,0.0679054,0.0895142,2.00453,0.066287,
2.823,-0.000591878,0.0568014,0.0803341,1.03868,0.252509,0.0680182,0.0893315,2.00454,0.0668428,
2.824,-0.000620427,0.056804,0.0807088,1.03852,0.252628,0.0681309,0.0891463,2.00454,0.0673902,
2.825,-0.000646733,0.0568059,0.0810768,1.03836,0.252741,0.0682446,0.0889571,2.00454,0.0679306,
2.826,-0.000670146,0.0568055,0.0814389,1.03819,0.252851,0.0683599,0.0887657,2.00454,0.0684634,
2.827,-0.000690824,0.0568045,0.0817922,1.03803,0.252954,0.068477,0.088571,2.00454,0.068989,
2.828,-0.000709027,0.0568017,0.0821349,1.03786,0.253051,0.0685969,0.0883734,2.00453,0.0695077,
2.829,-0.000725054,0.0567986,0.0824655,1.03769,0.253141,0.0687199,0.0881737,2.00452,0.0700204,
2.83,-0.000739181,0.056792,0.0827874,1.03752,0.253222,0.0688474,0.0879711,2.00451,0.0705269,
2.831,-0.000753133,0.0567848,0.0830996,1.03734,0.253298,0.0689788,0.0877698,2.00449,0.0710288,
2.832,-0.000765075,0.0567743,0.0834067,1.03716,0.253365,0.069117,0.0875685,2.00446,0.0715251,
2.833,-0.000776239,0.0567612,0.0837094,1.03699,0.253418,0.0692552,0.0873629,2.00444,0.0720143,
2.834,-0.000785965,0.0567415,0.084008,1.0368,0.253455,0.0694018,0.0871572,2.0044,0.0725019,
2.835,-0.000797079,0.056715,0.084302,1.03661,0.253487,0.06955,0.0869555,2.00436,0.0729842,
2.836,-0.000809265,0.0566809,0.0845907,1.03642,0.253509,0.0697012,0.086756,2.00431,0.0734624,
2.837,-0.00082126,0.0566442,0.0848738,1.03623,0.253511,0.0698533,0.0865539,2.00426,0.0739371,
2.838,-0.000834276,0.0566026,0.0851503,1.03603,0.253499,0.070005,0.0863524,2.0042,0.0744083,
2.839,-0.000850049,0.0565547,0.0854191,1.03582,0.253475,0.0701553,0.0861544,2.00413,0.0748771,
2.84,-0.000868284,0.0565025,0.0856798,1.03561,0.253442,0.0703022,0.0859586,2.00406,0.0753432,
2.841,-0.000890011,0.0564449,0.0859324,1.03539,0.253404,0.0704454,0.0857664,2.00397,0.075807,
2.842,-0.000918273,0.056379,0.0861764,1.03517,0.253364,0.0705836,0.0855823,2.00388,0.0762698,
2.843,-0.000952723,0.0563052,0.0864112,1.03494,0.253325,0.0707172,0.0854058,2.00378,0.0767304,
2.844,-0.000995575,0.0562208,0.0866375,1.0347,0.253292,0.0708451,0.0852396,2.00366,0.077191,
2.845,-0.00104274,0.0561309,0.0868538,1.03446,0.253256,0.0709661,0.0850776,2.00354,0.0776493,
2.846,-0.00109087,0.0560387,0.0870605,1.03423,0.25321,0.0710797,0.0849156,2.00342,0.0781062,
2.847,-0.0011409,0.055943,0.0872577,1.03399,0.253155,0.0711845,0.0847552,2.0033,0.0785629,
2.848,-0.00119981,0.0558368,0.087445,1.03375,0.253106,0.0712804,0.0846048,2.00317,0.0790225,
2.849,-0.00127281,0.0557139,0.0876219,1.03349,0.253081,0.0713685,0.0844713,2.00303,0.0794809,
2.85,-0.0013542,0.0555783,0.0877899,1.03324,0.253064,0.0714498,0.0843486,2.00288,0.0799411,
2.851,-0.00144179,0.0554347,0.0879475,1.03299,0.25305,0.0715246,0.0842337,2.00273,0.0804009,
2.852,-0.00154333,0.0552729,0.0880948,1.03273,0.253051,0.0715939,0.0841378,2.00257,0.0808657,
2.853,-0.00165582,0.0550961,0.0882312,1.03247,0.253069,0.0716539,0.0840556,2.00241,0.0813273,
2.854,-0.00177473,0.0549079,0.0883577,1.03221,0.253088,0.0717087,0.0839845,2.00225,0.0817941,
2.855,-0.00189855,0.0547104,0.0884729,1.03195,0.253111,0.0717566,0.0839248,2.00209,0.0822643,
2.856,-0.00202646,0.0545043,0.0885771,1.03169,0.253135,0.0717969,0.0838749,2.00194,0.0827366,
2.857,-0.00215908,0.054287,0.08867,1.03143,0.253164,0.0718299,0.0838378,2.00178,0.0832119,
2.858,-0.0022915,0.0540656,0.0887521,1.03116,0.253187,0.0718563,0.0838086,2.00163,0.0836917,
2.859,-0.00242442,0.0538396,0.088823,1.0309,0.253206,0.0718754,0.0837887,2.00148,0.0841742,
2.86,-0.00255616,0.0536111,0.0888826,1.03063,0.253217,0.0718862,0.0837769,2.00133,0.0846598,
2.861,-0.00268655,0.0533798,0.0889302,1.03037,0.253224,0.0718902,0.0837773,2.00119,0.0851505,
2.862,-0.00281428,0.0531472,0.0889665,1.0301,0.253224,0.0718873,0.0837856,2.00105,0.085643,
2.863,-0.00293881,0.052914,0.0889915,1.02983,0.253215,0.0718781,0.083803,2.00091,0.0861386,
2.864,-0.00306002,0.0526812,0.0890054,1.02957,0.253196,0.071863,0.0838293,2.00078,0.0866358,
2.865,-0.00317686,0.052451,0.0890075,1.0293,0.253168,0.071845,0.0838649,2.00064,0.0871344,
2.866,-0.00328545,0.052229,0.0889969,1.02904,0.253126,0.0718265,0.0839088,2.00051,0.0876347,
2.867,-0.00338925,0.0520095,0.0889764,1.02879,0.253074,0.0718041,0.0839565,2.00038,0.0881326,
2.868,-0.00348921,0.0517906,0.0889453,1.02853,0.253014,0.071781,0.0840119,2.00025,0.0886287,
2.869,-0.00358034,0.0515822,0.0889015,1.02829,0.252937,0.071765,0.0840762,2.00013,0.0891241,
2.87,-0.00366631,0.051377,0.0888479,1.02805,0.252855,0.0717575,0.0841445,2,0.0896151,
2.871,-0.00374258,0.0511836,0.0887828,1.02783,0.252761,0.071767,0.0842161,1.99987,0.0901017,
2.872,-0.00381065,0.0509972,0.0887074,1.02762,0.252658,0.071796,0.0842921,1.99974,0.0905835,
2.873,-0.0038711,0.0508169,0.0886217,1.02742,0.252547,0.0718465,0.0843724,1.9996,0.0910594,
2.874,-0.00392485,0.0506404,0.0885261,1.02723,0.252432,0.0719206,0.084458,1.99947,0.0915287,
2.875,-0.00396059,0.0504833,0.0884191,1.02706,0.2523,0.072016,0.0845481,1.99933,0.0919913,
2.876,-0.00399164,0.0503287,0.0883042,1.0269,0.252166,0.0721455,0.0846362,1.99919,0.0924459,
2.877,-0.00401271,0.0501797,0.0881798,1.02675,0.252026,0.0723002,0.0847292,1.99905,0.0928917,
2.878,-0.00402322,0.0500366,0.0880466,1.02662,0.251881,0.0724787,0.0848255,1.99891,0.0933285,
2.879,-0.00402513,0.0498996,0.0879046,1.02649,0.251732,0.0726815,0.0849237,1.99876,0.0937557,
2.88,-0.00401706,0.0497669,0.0877548,1.02637,0.251578,0.0729008,0.0850253,1.99861,0.0941727,
2.881,-0.00399957,0.0496357,0.0875988,1.02625,0.251412,0.0731256,0.0851314,1.99846,0.0945785,
2.882,-0.00397475,0.0495087,0.087435,1.02614,0.251239,0.0733598,0.085239,1.99831,0.0949731,
2.883,-0.00394019,0.0493861,0.0872649,1.02603,0.251046,0.0735935,0.0853492,1.99816,0.0953557,
2.884,-0.003897,0.0492675,0.0870888,1.02591,0.250837,0.0738247,0.0854624,1.998,0.0957261,
2.885,-0.00384366,0.0491547,0.0869074,1.02579,0.250623,0.0740554,0.0855785,1.99784,0.0960836,
2.886,-0.00378907,0.0490394,0.0867211,1.02566,0.25041,0.0742832,0.0856965,1.99768,0.0964294,
2.887,-0.00373198,0.0489245,0.0865301,1.02553,0.250202,0.0745061,0.0858152,1.99752,0.0967618,
2.888,-0.00367537,0.048807,0.0863345,1.0254,0.249993,0.074722,0.0859348,1.99736,0.0970811,
2.889,-0.00362001,0.048687,0.0861352,1.02527,0.249784,0.0749268,0.0860557,1.9972,0.097386,
2.89,-0.0035676,0.048563,0.0859323,1.02515,0.249574,0.0751197,0.0861779,1.99704,0.0976758,
2.891,-0.00351962,0.0484349,0.0857257,1.02502,0.249364,0.0753026,0.0863014,1.99688,0.0979514,
2.892,-0.00347612,0.0483029,0.085515,1.02489,0.249158,0.0754772,0.0864258,1.99672,0.098212,
2.893,-0.00343796,0.0481671,0.0853009,1.02477,0.248957,0.0756447,0.0865504,1.99655,0.0984577,
2.894,-0.0034165,0.0480149,0.0850852,1.02464,0.248774,0.0758056,0.0866798,1.9964,0.0986845,
2.895,-0.00339988,0.0478592,0.0848632,1.02451,0.248591,0.0759548,0.0868094,1.99624,0.0988993,
2.896,-0.00338972,0.0477011,0.0846364,1.02438,0.24841,0.0760921,0.0869364,1.99608,0.0991003,
2.897,-0.00338805,0.0475386,0.084407,1.02426,0.248234,0.0762207,0.0870587,1.99593,0.099284,
2.898,-0.00339302,0.047371,0.0841713,1.02412,0.248064,0.0763391,0.087179,1.99577,0.0994518,
2.899,-0.00340709,0.0471997,0.0839311,1.02399,0.247897,0.0764476,0.0872944,1.99561,0.099602,
2.9,-0.00342581,0.0470222,0.0836833,1.02384,0.247734,0.0765456,0.0874071,1.99546,0.0997366,
2.901,-0.00345314,0.0468426,0.0834305,1.0237,0.247573,0.0766312,0.0875129,1.9953,0.0998541,
2.902,-0.00348606,0.0466588,0.0831702,1.02355,0.247413,0.0767027,0.0876127,1.99515,0.0999558,
2.903,-0.00352596,0.0464667,0.0829037,1.0234,0.247257,0.0767579,0.0877035,1.99499,0.100038,
2.904,-0.00356669,0.0462705,0.0826279,1.02324,0.247105,0.0768009,0.0877932,1.99483,0.100108,
2.905,-0.00361157,0.0460724,0.082344,1.02308,0.246957,0.07683,0.0878733,1.99468,0.100162,
2.906,-0.00366231,0.0458743,0.0820511,1.02292,0.246808,0.0768456,0.0879439,1.99452,0.1002,
2.907,-0.00371622,0.0456752,0.081748,1.02275,0.246662,0.0768471,0.0880027,1.99436,0.100221,
2.908,-0.00377333,0.045474,0.0814345,1.02258,0.246519,0.0768344,0.0880459,1.99421,0.100222,
2.909,-0.00382777,0.0452703,0.0811108,1.0224,0.246378,0.0768091,0.0880861,1.99405,0.100213,
2.91,-0.00388503,0.0450648,0.0807761,1.02221,0.24624,0.0767699,0.0881115,1.99389,0.100186,
2.911,-0.0039441,0.0448585,0.0804301,1.02201,0.246104,0.0767181,0.0881262,1.99373,0.100144,
2.912,-0.00400513,0.0446516,0.0800723,1.02182,0.24597,0.0766536,0.0881277,1.99356,0.100087,
2.913,-0.00406537,0.0444436,0.0797023,1.02161,0.245839,0.0765752,0.0881154,1.9934,0.100015,
2.914,-0.00412568,0.0442345,0.0793203,1.0214,0.24571,0.0764834,0.0880903,1.99324,0.0999286,
2.915,-0.0041858,0.044025,0.078926,1.02118,0.245585,0.0763788,0.0880528,1.99308,0.0998282,
2.916,-0.00424052,0.0438152,0.0785179,1.02095,0.245465,0.0762607,0.0879982,1.99292,0.0997131,
2.917,-0.00429503,0.0436045,0.0780982,1.02072,0.245347,0.0761291,0.0879357,1.99275,0.0995855,
2.918,-0.00434476,0.0433946,0.0776639,1.02047,0.245236,0.0759823,0.0878586,1.99258,0.0994445,
2.919,-0.00439486,0.0431842,0.0772175,1.02022,0.245126,0.0758222,0.0877733,1.99241,0.0992907,
2.92,-0.00444527,0.0429736,0.076757,1.01997,0.245021,0.0756472,0.087673,1.99224,0.0991239,
2.921,-0.00449664,0.0427626,0.0762828,1.01972,0.244919,0.0754584,0.0875604,1.99208,0.0989446,
2.922,-0.00454917,0.0425515,0.0757944,1.01946,0.244821,0.0752552,0.0874347,1.99191,0.0987526,
2.923,-0.00460022,0.0423389,0.0752913,1.01919,0.244731,0.0750372,0.0872936,1.99175,0.0985466,
2.924,-0.00465095,0.0421249,0.0747755,1.01893,0.244644,0.0748061,0.0871448,1.99158,0.0983299,
2.925,-0.00470191,0.0419104,0.0742458,1.01866,0.244561,0.0745609,0.086986,1.99142,0.0981023,
2.926,-0.00475245,0.0416966,0.0737014,1.0184,0.244483,0.0743017,0.0868155,1.99125,0.0978633,
2.927,-0.00480283,0.0414828,0.0731443,1.01813,0.244411,0.0740289,0.0866352,1.99109,0.0976137,
2.928,-0.00485336,0.0412694,0.0725738,1.01786,0.244345,0.073742,0.0864418,1.99094,0.0973531,
2.929,-0.00490418,0.0410556,0.071989,1.0176,0.244285,0.0734418,0.086237,1.99079,0.0970817,
2.93,-0.00495566,0.0408423,0.0713917,1.01733,0.244232,0.0731299,0.0860269,1.99064,0.0968003,
2.931,-0.00500795,0.0406301,0.0707808,1.01706,0.244187,0.0728053,0.0858154,1.99049,0.0965052,
2.932,-0.00506202,0.0404191,0.0701569,1.0168,0.24415,0.0724695,0.085609,1.99035,0.0961965,
2.933,-0.00511695,0.0402092,0.0695203,1.01654,0.244119,0.0721239,0.0854036,1.99021,0.0958753,
2.934,-0.00517264,0.0400004,0.0688705,1.01628,0.244092,0.0717693,0.0852034,1.99008,0.0955402,
2.935,-0.00522869,0.0397932,0.0682073,1.01603,0.244072,0.0714064,0.0850112,1.98994,0.0951866,
2.936,-0.00528561,0.0395904,0.0675303,1.01577,0.244061,0.0710302,0.0848381,1.9898,0.0948187,
2.937,-0.00534208,0.0393893,0.0668415,1.01552,0.244053,0.0706417,0.0846611,1.98966,0.0944408,
2.938,-0.00539915,0.0391928,0.0661397,1.01528,0.24405,0.0702446,0.0844723,1.98954,0.0940588,
2.939,-0.00545467,0.038999,0.0654254,1.01503,0.24405,0.0698419,0.0842753,1.98942,0.0936684,
2.94,-0.00550843,0.0388104,0.0646977,1.01479,0.244059,0.0694437,0.0840679,1.9893,0.0932695,
2.941,-0.005559,0.0386242,0.0639617,1.01456,0.244064,0.0690652,0.0838563,1.98917,0.0928641,
2.942,-0.00560525,0.038441,0.0632145,1.01435,0.244072,0.0687236,0.0836376,1.98904,0.092453,
2.943,-0.00564715,0.0382599,0.0624578,1.01414,0.244078,0.0684293,0.0834125,1.98892,0.092036,
2.944,-0.00568009,0.0380819,0.0616954,1.01394,0.244089,0.0681969,0.0831792,1.9888,0.0916149,
2.945,-0.00570452,0.0379061,0.0609286,1.01377,0.244091,0.0680283,0.0829399,1.98868,0.0911894,
2.946,-0.00571669,0.0377319,0.0601633,1.01361,0.244081,0.0679385,0.082695,1.98856,0.0907596,
2.947,-0.00570939,0.037558,0.0594123,1.01345,0.244066,0.0679152,0.0824449,1.98845,0.0903266,
2.948,-0.00567603,0.0373835,0.0586979,1.01331,0.244042,0.0679481,0.0821904,1.98833,0.0898902,
2.949,-0.00560806,0.0372059,0.0580385,1.01316,0.24402,0.0680288,0.0819318,1.9882,0.0894541,
2.95,-0.00549208,0.0370352,0.0574898,1.01302,0.244009,0.0681569,0.0816743,1.98808,0.0890231,
2.951,-0.00536094,0.0368922,0.0570632,1.01286,0.244011,0.0683157,0.0814172,1.98795,0.088601,
2.952,-0.00524157,0.0367864,0.0568096,1.0127,0.244024,0.0684956,0.0811626,1.98782,0.0881901,
2.953,-0.00515876,0.0366789,0.0567159,1.01253,0.244045,0.0686858,0.0809124,1.98769,0.0877944,
2.954,-0.00510637,0.036591,0.05678,1.01236,0.244075,0.0688847,0.0806721,1.98756,0.0874235,
2.955,-0.00507319,0.0365283,0.0569787,1.01218,0.244115,0.0690888,0.0804427,1.98743,0.0870797,
2.956,-0.00505705,0.0364769,0.0572606,1.012,0.244161,0.0692934,0.0802263,1.98731,0.0867655,
2.957,-0.00505723,0.0364304,0.0576135,1.01182,0.244211,0.0694956,0.0800269,1.98719,0.0864863,
2.958,-0.00506976,0.0363899,0.0580185,1.01164,0.244266,0.0696938,0.0798454,1.98707,0.0862477,
2.959,-0.00509116,0.0363293,0.0584482,1.01145,0.244324,0.069888,0.0796828,1.98697,0.0860456,
2.96,-0.00511848,0.0362571,0.0589011,1.01127,0.244381,0.0700763,0.0795404,1.98688,0.0858901,
2.961,-0.00514842,0.0361552,0.0593655,1.0111,0.244435,0.0702577,0.0794179,1.98682,0.0857797,
2.962,-0.00517639,0.036047,0.0598316,1.01093,0.244489,0.0704297,0.0793164,1.98678,0.085716,
2.963,-0.00520393,0.0359391,0.0602986,1.01077,0.244544,0.0705931,0.0792369,1.98673,0.0857021,
2.964,-0.00522475,0.0358208,0.0607676,1.01061,0.2446,0.0707501,0.0791616,1.98671,0.0857263,
2.965,-0.00524504,0.0356877,0.0612372,1.01045,0.244646,0.0708966,0.0790793,1.98669,0.0857942,
2.966,-0.00525899,0.0355531,0.061707,1.01029,0.244697,0.071036,0.07899,1.98668,0.0859039,
2.967,-0.00526757,0.0354141,0.0621741,1.01013,0.244748,0.0711681,0.0788993,1.98667,0.0860444,
2.968,-0.0052701,0.0352704,0.0626371,1.00996,0.244799,0.0712924,0.0788044,1.98667,0.0862151,
2.969,-0.00526558,0.0351231,0.0630971,1.0098,0.244852,0.0714095,0.078708,1.98668,0.0864136,
2.97,-0.0052546,0.0349735,0.0635546,1.00963,0.244905,0.0715195,0.0786111,1.98668,0.0866369,
2.971,-0.0052357,0.0348218,0.0640099,1.00946,0.24496,0.0716223,0.0785187,1.98669,0.0868783,
2.972,-0.00521189,0.0346705,0.064463,1.00929,0.245016,0.0717174,0.07843,1.9867,0.0871346,
2.973,-0.00517758,0.034519,0.0649169,1.00911,0.245072,0.0718059,0.0783501,1.98671,0.0874046,
2.974,-0.00513349,0.0343698,0.0653702,1.00893,0.245126,0.0718858,0.0782741,1.98672,0.0876812,
2.975,-0.00507948,0.0342229,0.0658274,1.00875,0.245181,0.0719574,0.0782088,1.98673,0.0879647,
2.976,-0.00501936,0.0340802,0.0662859,1.00857,0.245237,0.0720207,0.0781529,1.98673,0.0882535,
2.977,-0.00495492,0.0339443,0.0667463,1.00839,0.245294,0.0720758,0.078107,1.98673,0.0885484,
2.978,-0.00488799,0.0338147,0.0672064,1.00822,0.245349,0.0721229,0.0780704,1.98672,0.0888494,
2.979,-0.00482031,0.0336914,0.067667,1.00805,0.245405,0.072162,0.078043,1.98671,0.089157,
2.98,-0.00475385,0.0335747,0.0681283,1.00788,0.245457,0.0721937,0.0780251,1.98669,0.0894727,
2.981,-0.00468862,0.0334631,0.0685906,1.00772,0.245507,0.0722178,0.078017,1.98667,0.0897965,
2.982,-0.00462575,0.0333541,0.0690518,1.00756,0.245554,0.0722336,0.0780196,1.98665,0.0901256,
2.983,-0.00456698,0.0332471,0.0695137,1.00741,0.245596,0.0722422,0.078035,1.98662,0.0904627,
2.984,-0.00451146,0.0331415,0.0699724,1.00726,0.245632,0.0722429,0.0780588,1.98659,0.0908037,
2.985,-0.0044589,0.0330371,0.0704305,1.00712,0.245664,0.0722352,0.0780971,1.98656,0.0911514,
2.986,-0.00440981,0.0329338,0.070887,1.00699,0.24569,0.0722195,0.0781508,1.98652,0.0915017,
2.987,-0.00436378,0.0328324,0.0713405,1.00686,0.245706,0.0721958,0.078218,1.98648,0.0918544,
2.988,-0.00432042,0.0327329,0.0717906,1.00673,0.245718,0.0721635,0.0782994,1.98645,0.0922061,
2.989,-0.00427944,0.032635,0.072237,1.00661,0.245724,0.0721227,0.0783993,1.98641,0.0925593,
2.99,-0.00424047,0.0325389,0.0726784,1.00649,0.245725,0.0720733,0.0785138,1.98636,0.0929094,
2.991,-0.00420344,0.0324442,0.0731149,1.00638,0.245723,0.0720152,0.0786446,1.98632,0.0932572,
2.992,-0.00416723,0.0323502,0.0735475,1.00627,0.245706,0.0719496,0.0787908,1.98629,0.0936037,
2.993,-0.00412944,0.032257,0.073974,1.00616,0.245669,0.0718769,0.0789451,1.98627,0.093948,
2.994,-0.00409112,0.0321655,0.0743935,1.00606,0.24562,0.0717958,0.0791096,1.98626,0.0942858,
2.995,-0.00405204,0.0320762,0.0748059,1.00597,0.245562,0.0717057,0.0792832,1.98626,0.094617,
2.996,-0.00401268,0.031989,0.0752114,1.00587,0.245497,0.0716064,0.079469,1.98625,0.0949413,
2.997,-0.00397044,0.031905,0.0756098,1.00578,0.24542,0.0714985,0.0796617,1.98625,0.0952577,
2.998,-0.00392593,0.0318237,0.0760008,1.00568,0.245334,0.0713816,0.0798632,1.98626,0.0955657,
2.999,-0.00388001,0.0317449,0.0763835,1.00559,0.245241,0.0712553,0.0800705,1.98627,0.0958642,
3,-0.00382781,0.0316707,0.0767587,1.0055,0.245134,0.0711206,0.080282,1.98628,0.0961541,
3.001,-0.00376931,0.0316018,0.0771247,1.00541,0.245014,0.0709775,0.080493,1.9863,0.0964348,
3.002,-0.00370954,0.0315361,0.0774819,1.00532,0.244891,0.0708243,0.0807121,1.98632,0.0967046,
3.003,-0.00364412,0.0314765,0.0778307,1.00522,0.244759,0.0706618,0.0809371,1.98635,0.0969656,
3.004,-0.00357461,0.0314217,0.0781694,1.00513,0.244621,0.0704898,0.0811619,1.98637,0.0972162,
3.005,-0.00350441,0.0313703,0.078499,1.00503,0.244482,0.0703076,0.081393,1.98639,0.0974561,
3.006,-0.00343322,0.0313214,0.0788186,1.00494,0.244343,0.0701151,0.0816292,1.98641,0.0976854,
3.007,-0.00336181,0.031274,0.0791286,1.00484,0.244203,0.0699125,0.0818669,1.98642,0.0979092,
3.008,-0.00328927,0.0312294,0.0794287,1.00474,0.244066,0.0696993,0.0821086,1.98644,0.0981248,
3.009,-0.00321675,0.0311859,0.0797178,1.00465,0.24393,0.0694763,0.0823525,1.98645,0.0983318,
3.01,-0.00314479,0.0311435,0.0799966,1.00455,0.243795,0.0692424,0.0825987,1.98646,0.0985293,
3.011,-0.00307342,0.0311016,0.0802646,1.00445,0.243663,0.0689977,0.0828469,1.98646,0.0987171,
3.012,-0.00300291,0.0310594,0.0805214,1.00436,0.243535,0.0687423,0.0830971,1.98647,0.0988936,
3.013,-0.00293308,0.0310168,0.080767,1.00426,0.24341,0.0684763,0.0833487,1.98647,0.099059,
3.014,-0.00286411,0.0309737,0.0810013,1.00416,0.243289,0.0681996,0.083601,1.98647,0.0992131,
3.015,-0.00279574,0.0309279,0.0812235,1.00407,0.243176,0.0679119,0.0838532,1.98647,0.0993573,
3.016,-0.00272877,0.0308794,0.0814345,1.00397,0.243065,0.067614,0.0841064,1.98647,0.0994917,
3.017,-0.00266221,0.0308306,0.0816339,1.00387,0.242957,0.0673053,0.0843584,1.98647,0.0996166,
3.018,-0.00259568,0.0307807,0.0818212,1.00378,0.242856,0.0669851,0.0846082,1.98647,0.0997325,
3.019,-0.0025294,0.0307286,0.0819956,1.00369,0.242758,0.0666546,0.0848544,1.98647,0.0998419,
3.02,-0.00246329,0.0306742,0.0821578,1.00359,0.242666,0.0663147,0.0850949,1.98647,0.0999522,
3.021,-0.00239696,0.0306173,0.0823074,1.0035,0.242579,0.0659703,0.0853294,1.98646,0.100062,
3.022,-0.00233048,0.0305584,0.0824446,1.0034,0.242498,0.0656276,0.0855572,1.98645,0.100172,
3.023,-0.00226357,0.0304961,0.0825683,1.00331,0.242422,0.0652847,0.0857774,1.98644,0.100279,
3.024,-0.00219599,0.0304302,0.0826793,1.0032,0.24235,0.0649469,0.0859889,1.98643,0.100388,
3.025,-0.00212804,0.0303596,0.0827772,1.0031,0.242284,0.0646247,0.0861904,1.98642,0.100501,
3.026,-0.00205983,0.030286,0.0828618,1.00299,0.242225,0.0643232,0.0863813,1.98641,0.100618,
3.027,-0.00199115,0.0302073,0.0829324,1.00288,0.24217,0.064041,0.0865606,1.98641,0.100738,
3.028,-0.00192238,0.0301247,0.0829904,1.00276,0.242123,0.0637888,0.0867308,1.9864,0.100858,
3.029,-0.00185323,0.0300397,0.0830354,1.00264,0.242086,0.0635667,0.0868911,1.98639,0.10098,
3.03,-0.00178351,0.0299522,0.0830665,1.00251,0.242057,0.0633735,0.0870392,1.98639,0.101102,
3.031,-0.00171333,0.0298614,0.0830832,1.00239,0.242034,0.0632115,0.0871737,1.98638,0.101226,
3.032,-0.00164294,0.0297669,0.0830868,1.00227,0.242023,0.0630909,0.0872955,1.98638,0.101353,
3.033,-0.00157224,0.0296694,0.0830771,1.00214,0.242022,0.0630058,0.0874048,1.98638,0.101482,
3.034,-0.00150183,0.029568,0.0830529,1.00202,0.242027,0.0629515,0.0874981,1.98639,0.101615,
3.035,-0.00143194,0.0294619,0.0830156,1.0019,0.242042,0.0629261,0.0875779,1.9864,0.10175,
3.036,-0.0013621,0.0293528,0.0829652,1.00179,0.242064,0.0629335,0.0876447,1.98642,0.101886,
3.037,-0.00129147,0.0292416,0.0829021,1.00167,0.242093,0.0629665,0.0876994,1.98643,0.102024,
3.038,-0.00122001,0.0291308,0.0828255,1.00156,0.242124,0.0630145,0.0877384,1.98645,0.102164,
3.039,-0.0011478,0.0290177,0.082737,1.00146,0.242159,0.0630764,0.0877643,1.98648,0.102306,
3.04,-0.00107436,0.0289045,0.0826359,1.00136,0.242196,0.0631463,0.0877734,1.9865,0.102455,
3.041,-0.000999638,0.0287908,0.0825236,1.00126,0.242237,0.0632214,0.0877665,1.98654,0.10261,
3.042,-0.000923347,0.0286793,0.0823997,1.00116,0.242283,0.0633074,0.0877434,1.98657,0.10277,
3.043,-0.000843344,0.0285749,0.0822624,1.00107,0.242328,0.0633965,0.0876985,1.98662,0.102938,
3.044,-0.000764032,0.0284706,0.0821203,1.00097,0.242381,0.0634936,0.0876593,1.98667,0.103108,
3.045,-0.000684052,0.0283704,0.0819725,1.00088,0.242439,0.0635899,0.087624,1.98673,0.103282,
3.046,-0.000603527,0.0282789,0.0818182,1.00078,0.2425,0.0636842,0.0875791,1.9868,0.103466,
3.047,-0.000521696,0.0281981,0.0816603,1.00069,0.242565,0.0637765,0.0875303,1.98686,0.103655,
3.048,-0.000439821,0.0281304,0.0815038,1.00059,0.242635,0.0638615,0.0874791,1.98691,0.10385,
3.049,-0.00036068,0.0280708,0.0813507,1.00049,0.242708,0.0639434,0.0874312,1.98697,0.104042,
3.05,-0.000283121,0.0280181,0.0812,1.0004,0.242785,0.0640189,0.0873848,1.98702,0.104233,
3.051,-0.000206026,0.0279759,0.0810507,1.0003,0.242864,0.0640828,0.0873397,1.98706,0.104421,
3.052,-0.000131785,0.0279388,0.0809069,1.0002,0.242944,0.064136,0.0872956,1.9871,0.104606,
3.053,-6.01781e-05,0.0279092,0.0807665,1.0001,0.243025,0.0641782,0.0872535,1.98714,0.104784,
3.054,9.06069e-06,0.0278845,0.0806318,1,0.243106,0.0642099,0.0872129,1.98718,0.104956,
3.055,7.58634e-05,0.0278692,0.0805058,0.999903,0.243188,0.0642298,0.0871753,1.98722,0.105119,
3.056,0.000141479,0.0278614,0.0803883,0.999803,0.24327,0.0642373,0.087141,1.98726,0.105273,
3.057,0.000206768,0.0278634,0.0802836,0.999699,0.243352,0.0642335,0.0871057,1.98732,0.105425,
3.058,0.000270989,0.0278746,0.0801947,0.999593,0.243434,0.0642189,0.0870692,1.98739,0.105569,
3.059,0.000334041,0.0278994,0.080125,0.999487,0.243518,0.0641924,0.0870335,1.98745,0.105696,
3.06,0.000403655,0.0279341,0.0800791,0.99938,0.243602,0.0641534,0.0870004,1.98753,0.105817,
3.061,0.000472544,0.0279772,0.080052,0.999272,0.243687,0.064102,0.0869671,1.98762,0.105925,
3.062,0.000542959,0.0280234,0.080034,0.999164,0.243773,0.0640378,0.0869333,1.98771,0.10602,
3.063,0.000614998,0.0280731,0.0800256,0.999054,0.243862,0.0639613,0.0869007,1.98782,0.106111,
3.064,0.000687199,0.0281226,0.0800205,0.998943,0.243956,0.0638706,0.0868717,1.98794,0.106202,
3.065,0.000758876,0.0281727,0.0800203,0.998831,0.244053,0.0637693,0.0868388,1.98807,0.106282,
3.066,0.000828483,0.0282233,0.0800195,0.998716,0.244157,0.0636565,0.0868086,1.9882,0.106354,
3.067,0.000895409,0.0282688,0.0800168,0.9986,0.244275,0.0635332,0.0867869,1.98834,0.106419,
3.068,0.000963023,0.0283045,0.0800206,0.998479,0.244408,0.0634075,0.0867655,1.98848,0.106474,
3.069,0.00103145,0.0283413,0.0800249,0.99836,0.244547,0.0632843,0.0867486,1.98861,0.106518,
3.07,0.00110004,0.0283769,0.0800285,0.998251,0.244693,0.0631665,0.0867354,1.98875,0.10655,
3.071,0.00116618,0.028406,0.0800298,0.998141,0.244847,0.0630412,0.0867235,1.98888,0.106571,
3.072,0.001235,0.0284349,0.0800337,0.998039,0.245007,0.0629287,0.0867125,1.98901,0.106582,
3.073,0.00130497,0.0284642,0.0800369,0.997939,0.245173,0.0628229,0.0867023,1.98914,0.106583,
3.074,0.00137705,0.0284932,0.0800408,0.997843,0.245345,0.0627251,0.0866926,1.98928,0.106576,
3.075,0.00145076,0.0285225,0.080043,0.997749,0.245523,0.0626374,0.0866829,1.98942,0.106559,
3.076,0.00152522,0.0285504,0.0800403,0.997661,0.245707,0.0625707,0.0866729,1.98956,0.106533,
3.077,0.00160061,0.0285779,0.0800327,0.997579,0.245897,0.0625291,0.0866622,1.9897,0.106499,
3.078,0.00167847,0.0286034,0.0800207,0.997503,0.246092,0.0625104,0.0866502,1.98985,0.106455,
3.079,0.00175927,0.0286282,0.0800025,0.997433,0.246289,0.0625184,0.0866389,1.99,0.106403,
3.08,0.00184996,0.02865,0.0799799,0.997363,0.246486,0.0625558,0.0866274,1.99016,0.10634,
3.081,0.00195049,0.0286631,0.0799543,0.997305,0.246684,0.06263,0.0866168,1.99033,0.106268,
3.082,0.00205812,0.0286763,0.0799252,0.997255,0.246881,0.06274,0.0866062,1.99049,0.106187,
3.083,0.00217108,0.0286881,0.0798943,0.997216,0.247075,0.0628829,0.0865954,1.99066,0.106096,
3.084,0.00228861,0.0287008,0.0798633,0.997185,0.247266,0.0630536,0.0865844,1.99082,0.105997,
3.085,0.00241177,0.0287178,0.0798322,0.997158,0.247451,0.0632504,0.0865738,1.99098,0.105888,
3.086,0.00254376,0.0287373,0.0798051,0.997135,0.247633,0.0634744,0.0865629,1.99115,0.10577,
3.087,0.00269521,0.0287609,0.0797841,0.9971,0.247811,0.0637145,0.0865525,1.99131,0.105644,
3.088,0.00284634,0.0287871,0.0797587,0.997068,0.247986,0.0639682,0.0865437,1.99147,0.105509,
3.089,0.00299941,0.0288154,0.0797321,0.997041,0.248157,0.0642355,0.0865342,1.99162,0.105364,
3.09,0.00315293,0.0288469,0.0797034,0.997016,0.248325,0.0645071,0.0865251,1.99178,0.105211,
3.091,0.00330426,0.0288825,0.0796754,0.996988,0.248494,0.0647765,0.0865158,1.99193,0.105049,
3.092,0.00345181,0.0289222,0.0796476,0.996957,0.248661,0.0650427,0.0865068,1.99209,0.104878,
3.093,0.00359637,0.0289648,0.0796218,0.99692,0.248828,0.0653046,0.0864984,1.99224,0.104699,
3.094,0.00373733,0.0290097,0.0795995,0.996876,0.248996,0.0655609,0.0864904,1.99239,0.10451,
3.095,0.00386959,0.0290587,0.0795778,0.996829,0.249164,0.0658105,0.0864823,1.99254,0.104313,
3.096,0.00399294,0.029108,0.0795604,0.99678,0.249331,0.0660547,0.0864742,1.9927,0.104107,
3.097,0.00410582,0.0291589,0.0795462,0.996726,0.249499,0.0662926,0.0864661,1.99285,0.103893,
3.098,0.00420644,0.0292125,0.0795351,0.996669,0.249665,0.0665249,0.0864577,1.993,0.103669,
3.099,0.00429476,0.0292713,0.0795239,0.996611,0.249832,0.0667522,0.0864489,1.99315,0.103438,
3.1,0.00436487,0.0293289,0.0795174,0.996549,0.249997,0.0669739,0.0864397,1.99331,0.103198,
3.101,0.00443246,0.0293811,0.0795089,0.996475,0.250159,0.0671907,0.0864311,1.99347,0.102949,
3.102,0.00449032,0.0294366,0.0794983,0.996395,0.250321,0.067402,0.0864221,1.99363,0.102691,
3.103,0.00453624,0.0294924,0.0794867,0.996309,0.250481,0.0676055,0.0864125,1.99379,0.102426,
3.104,0.00457531,0.029546,0.0794687,0.996218,0.25064,0.067803,0.086403,1.99395,0.102153,
3.105,0.00460816,0.0295982,0.0794464,0.996116,0.250797,0.0679898,0.0863931,1.99412,0.101873,
3.106,0.00463753,0.0296472,0.0794176,0.996001,0.250951,0.068166,0.0863825,1.99429,0.101586,
3.107,0.00466696,0.0296948,0.0793799,0.995877,0.251103,0.0683312,0.0863719,1.99446,0.101293,
3.108,0.00469635,0.0297385,0.0793354,0.995739,0.251252,0.0684855,0.0863604,1.99463,0.100994,
3.109,0.004731,0.0297801,0.0792808,0.995588,0.251398,0.0686287,0.0863484,1.9948,0.100692,
3.11,0.00476377,0.0298209,0.0792167,0.99543,0.251542,0.0687613,0.0863358,1.99498,0.100386,
3.111,0.00480016,0.029858,0.0791426,0.995261,0.251682,0.0688825,0.0863224,1.99515,0.100078,
3.112,0.00483654,0.029895,0.0790578,0.995086,0.251821,0.068993,0.0863081,1.99533,0.0997702,
3.113,0.00487777,0.0299282,0.0789623,0.9949,0.251954,0.0690924,0.0862931,1.9955,0.0994606,
3.114,0.00492079,0.0299594,0.0788562,0.994709,0.252085,0.0691812,0.0862773,1.99567,0.0991513,
3.115,0.00496816,0.0299857,0.0787392,0.994511,0.25221,0.0692589,0.0862609,1.99585,0.098843,
3.116,0.00501805,0.0300103,0.078612,0.994309,0.252332,0.0693266,0.0862442,1.99602,0.0985378,
3.117,0.00506549,0.0300335,0.0784732,0.994106,0.252455,0.0693836,0.0862293,1.99619,0.0982369,
3.118,0.00511102,0.0300539,0.0783243,0.993903,0.252576,0.0694303,0.0862175,1.99635,0.0979397,
3.119,0.00515537,0.0300718,0.0781644,0.993702,0.252694,0.0694662,0.086208,1.99652,0.0976477,
3.12,0.00519898,0.0300866,0.0779949,0.993501,0.252808,0.069492,0.0861993,1.99669,0.0973626,
3.121,0.00524225,0.0300996,0.0778148,0.993302,0.252922,0.0695085,0.086194,1.99686,0.0970849,
3.122,0.00528371,0.0301117,0.0776251,0.993107,0.253033,0.0695151,0.0861886,1.99703,0.0968168,
3.123,0.00532449,0.0301224,0.0774254,0.992915,0.253142,0.0695126,0.0861861,1.99721,0.0965593,
3.124,0.00536398,0.0301331,0.0772148,0.992728,0.253249,0.0695014,0.0861833,1.99739,0.096315,
3.125,0.00540087,0.0301458,0.0769982,0.992548,0.253353,0.0694821,0.0861861,1.99757,0.0960839,
3.126,0.00543788,0.0301579,0.0767707,0.992372,0.253457,0.0694543,0.0861905,1.99776,0.09587,
3.127,0.00547455,0.0301712,0.0765318,0.9922,0.25356,0.0694202,0.0861989,1.99795,0.0956744,
3.128,0.00551166,0.0301891,0.0762839,0.992034,0.253663,0.0693796,0.0862109,1.99814,0.0954978,
3.129,0.00554981,0.0302095,0.0760261,0.991875,0.253766,0.0693328,0.0862264,1.99832,0.0953383,
3.13,0.00558632,0.0302346,0.0757585,0.991726,0.253869,0.0692805,0.0862454,1.99851,0.0951983,
3.131,0.00562398,0.0302593,0.0754798,0.991581,0.253971,0.0692222,0.0862671,1.9987,0.0950701,
3.132,0.00566737,0.0302844,0.0751903,0.991439,0.254073,0.0691584,0.0862926,1.99888,0.0949561,
3.133,0.00571419,0.030314,0.0748901,0.991302,0.254176,0.0690895,0.0863242,1.99906,0.0948581,
3.134,0.00576525,0.0303461,0.07458,0.991174,0.254279,0.069015,0.086359,1.99924,0.0947733,
3.135,0.00582227,0.0303778,0.0742628,0.991052,0.25438,0.0689371,0.0863989,1.99941,0.0947009,
3.136,0.00587811,0.0304166,0.0739374,0.990939,0.254481,0.068855,0.0864453,1.99957,0.0946424,
3.137,0.00593432,0.0304605,0.0736042,0.990838,0.254581,0.0687679,0.0864958,1.99974,0.0945912,
3.138,0.005995,0.0305035,0.0732612,0.99074,0.254678,0.0686777,0.0865526,1.99989,0.0945425,
3.139,0.00606076,0.030554,0.0729101,0.990648,0.254773,0.0685848,0.0866183,2.00004,0.0944988,
3.14,0.00613379,0.0306117,0.0725512,0.990563,0.254864,0.0684878,0.0866911,2.00019,0.0944566,
3.141,0.00621421,0.0306743,0.0721852,0.990485,0.254952,0.0683878,0.0867723,2.00033,0.0944165,
3.142,0.00630103,0.0307373,0.0718114,0.99041,0.255036,0.0682841,0.0868621,2.00047,0.0943754,
3.143,0.00639632,0.0308056,0.0714316,0.990343,0.255114,0.0681777,0.0869633,2.00061,0.0943343,
3.144,0.00649439,0.0308748,0.0710461,0.990289,0.255188,0.0680666,0.0870724,2.00075,0.0942906,
3.145,0.00659298,0.0309393,0.0706533,0.990241,0.255257,0.0679521,0.0871898,2.00089,0.0942441,
3.146,0.00669736,0.031001,0.0702508,0.990199,0.255322,0.0678334,0.0873157,2.00103,0.0941937,
3.147,0.00679985,0.0310694,0.06984,0.99017,0.25538,0.0677102,0.0874524,2.00117,0.0941405,
3.148,0.00690444,0.0311337,0.0694181,0.990149,0.255436,0.0675814,0.087594,2.00131,0.0940805,
3.149,0.00701256,0.0311967,0.0689857,0.990132,0.255487,0.0674481,0.0877453,2.00146,0.0940155,
3.15,0.00710656,0.0312625,0.0685377,0.990117,0.255535,0.0673094,0.0879033,2.0016,0.0939434,
3.151,0.00718984,0.0313183,0.0680749,0.990106,0.255579,0.0671646,0.0880719,2.00175,0.0938646,
3.152,0.00726353,0.0313624,0.0676002,0.990097,0.255621,0.0670136,0.0882477,2.0019,0.0937783,
3.153,0.00733498,0.0313968,0.067124,0.99009,0.255661,0.0668559,0.0884319,2.00204,0.0936846,
3.154,0.00740666,0.0314254,0.0666533,0.990083,0.255698,0.0666915,0.0886239,2.0022,0.0935831,
3.155,0.00748083,0.03145,0.066194,0.990075,0.255734,0.0665201,0.0888231,2.00235,0.0934735,
3.156,0.00755619,0.0314704,0.0657519,0.990065,0.255767,0.0663414,0.0890289,2.0025,0.0933555,
3.157,0.00763151,0.031485,0.0653337,0.990053,0.255798,0.0661557,0.0892411,2.00265,0.093229,
3.158,0.00772292,0.0315004,0.0649384,0.990035,0.255829,0.0659632,0.0894641,2.00281,0.0930946,
3.159,0.00780452,0.0315047,0.0645835,0.990013,0.25586,0.0657609,0.0896875,2.00296,0.0929509,
3.16,0.00788911,0.0314991,0.0642608,0.989988,0.255888,0.0655516,0.0899171,2.00311,0.0927979,
3.161,0.00797818,0.0314845,0.0639763,0.989959,0.255914,0.0653355,0.090152,2.00326,0.0926357,
3.162,0.00808398,0.0314734,0.063722,0.989926,0.255939,0.0651123,0.0903925,2.00341,0.0924644,
3.163,0.00819487,0.0314557,0.0635004,0.989887,0.255963,0.0648792,0.0906351,2.00355,0.0922844,
3.164,0.00831292,0.0314287,0.0633067,0.989844,0.255984,0.0646397,0.0908813,2.00369,0.0920947,
3.165,0.00843347,0.0313968,0.0631424,0.9898,0.256003,0.0643926,0.0911306,2.00383,0.0918956,
3.166,0.00855879,0.0313618,0.0629997,0.989756,0.256021,0.0641382,0.0913828,2.00397,0.091687,
3.167,0.00868888,0.0313265,0.0628749,0.989712,0.256039,0.0638768,0.0916374,2.00411,0.0914689,
3.168,0.00882371,0.0312977,0.0627599,0.98967,0.256056,0.0636077,0.0918938,2.00425,0.0912415,
3.169,0.00896064,0.0312668,0.0626522,0.989628,0.25607,0.0633328,0.0921517,2.00438,0.0910053,
3.17,0.00909854,0.0312352,0.062546,0.989586,0.256083,0.0630499,0.0924112,2.00451,0.090759,
3.171,0.00923755,0.0312052,0.0624418,0.989545,0.256094,0.062761,0.0926718,2.00464,0.0905032,
3.172,0.00937604,0.0311969,0.0623381,0.989512,0.2561,0.0624684,0.0929309,2.00477,0.0902377,
3.173,0.00951411,0.0311846,0.0622292,0.989482,0.256101,0.0621664,0.0931876,2.0049,0.0899635,
3.174,0.00965219,0.0311734,0.0621165,0.989453,0.256096,0.0618579,0.0934442,2.00502,0.0896796,
3.175,0.00979123,0.0311641,0.0619979,0.989426,0.256091,0.0615448,0.093701,2.00515,0.0893856,
3.176,0.00992731,0.0311709,0.061874,0.989404,0.256082,0.0612421,0.0939554,2.00528,0.0890807,
3.177,0.010062,0.0311755,0.0617395,0.989379,0.256067,0.0609534,0.0942084,2.0054,0.0887681,
3.178,0.0101972,0.0311803,0.0615964,0.989347,0.256042,0.0606843,0.0944626,2.00553,0.0884451,
3.179,0.010331,0.0311879,0.0614445,0.989309,0.256007,0.0604467,0.0947166,2.00565,0.0881123,
3.18,0.0104619,0.0311988,0.0612837,0.989262,0.255961,0.0602548,0.0949707,2.00578,0.0877699,
3.181,0.010585,0.0312171,0.0611137,0.989215,0.255905,0.0601118,0.0952247,2.00591,0.0874179,
3.182,0.0106966,0.0312356,0.0609337,0.989158,0.25583,0.0600409,0.0954779,2.00604,0.0870577,
3.183,0.0108033,0.0312544,0.0607447,0.989101,0.255733,0.0600343,0.0957312,2.00617,0.0866875,
3.184,0.0109019,0.0312745,0.0605467,0.989063,0.255647,0.0600875,0.0959842,2.0063,0.0863072,
3.185,0.0109851,0.0312954,0.060339,0.989038,0.255569,0.0601985,0.0962378,2.00642,0.0859178,
3.186,0.0110662,0.031314,0.0601238,0.98903,0.255497,0.0603655,0.0964917,2.00655,0.0855187,
3.187,0.0111445,0.0313333,0.0598992,0.989033,0.255424,0.0605851,0.0967465,2.00667,0.0851101,
3.188,0.0112213,0.0313529,0.0596647,0.989045,0.255355,0.0608479,0.0970025,2.0068,0.0846923,
3.189,0.0112971,0.0313736,0.0594209,0.989057,0.255278,0.0611418,0.0972609,2.00692,0.084264,
3.19,0.0113716,0.0313958,0.0591662,0.989066,0.255195,0.0614626,0.0975212,2.00705,0.0838293,
3.191,0.011446,0.0314164,0.0589022,0.989073,0.255103,0.0617938,0.0977857,2.00717,0.0833847,
3.192,0.011521,0.0314354,0.0586283,0.989084,0.255003,0.0621305,0.0980519,2.00728,0.0829311,
3.193,0.0115969,0.0314531,0.0583446,0.98909,0.25489,0.0624727,0.0983221,2.0074,0.0824686,
3.194,0.0116741,0.0314692,0.0580512,0.989098,0.254766,0.0628168,0.0985958,2.00752,0.0819972,
3.195,0.0117523,0.0314838,0.0577477,0.989107,0.254633,0.0631617,0.0988712,2.00763,0.0815174,
3.196,0.0118322,0.031495,0.0574399,0.989114,0.254487,0.0635066,0.0991498,2.00774,0.0810289,
3.197,0.0119135,0.0315032,0.0571279,0.989116,0.254332,0.0638495,0.0994325,2.00785,0.080532,
3.198,0.011996,0.0315075,0.0568124,0.989115,0.254173,0.0641866,0.0997204,2.00796,0.080027,
3.199,0.0120794,0.0315067,0.0564947,0.9891,0.254016,0.0645127,0.100018,2.00805,0.079514,
3.2,0.0121635,0.0314962,0.0561751,0.989075,0.253864,0.0648282,0.100326,2.00814,0.0789936,
3.201,0.0122473,0.0314774,0.0558546,0.989043,0.253711,0.065132,0.100641,2.00823,0.0784655,
3.202,0.01233,0.0314492,0.0555348,0.989007,0.253562,0.0654242,0.100965,2.00831,0.0779293,
3.203,0.0124111,0.0314132,0.0552215,0.988968,0.253414,0.0657031,0.101295,2.00839,0.0773856,
3.204,0.0124906,0.0313717,0.0549168,0.988929,0.253264,0.0659696,0.101629,2.00846,0.0768347,
3.205,0.0125692,0.0313274,0.0546158,0.988887,0.253117,0.0662217,0.101968,2.00854,0.0762761,
3.206,0.0126458,0.0312781,0.0543238,0.988843,0.252977,0.0664599,0.102314,2.00861,0.0757111,
3.207,0.0127188,0.0312231,0.054048,0.988792,0.252847,0.0666836,0.102669,2.00868,0.0751405,
3.208,0.0127856,0.0311631,0.0538099,0.98874,0.252714,0.0668964,0.103028,2.00875,0.074561,
3.209,0.0128447,0.031102,0.0536174,0.988685,0.252582,0.0670945,0.103391,2.00882,0.0739761,
3.21,0.0128954,0.0310399,0.0534947,0.988623,0.25246,0.0672777,0.103762,2.00888,0.0733851,
3.211,0.0129353,0.0309713,0.053452,0.988557,0.252342,0.0674475,0.104139,2.00895,0.072788,
3.212,0.0129685,0.0309038,0.0534853,0.988488,0.252225,0.0676037,0.104523,2.00902,0.0721847,
3.213,0.0129978,0.030844,0.0535972,0.988417,0.252109,0.0677459,0.104911,2.00909,0.0715756,
3.214,0.01303,0.0307918,0.053771,0.988344,0.251991,0.0678732,0.105302,2.00917,0.0709623,
3.215,0.013066,0.0307438,0.0539811,0.988269,0.251871,0.0679862,0.105696,2.00925,0.0703439,
3.216,0.013107,0.0306968,0.0542196,0.988193,0.25175,0.0680844,0.106091,2.00933,0.0697217,
3.217,0.0131491,0.0306454,0.0544736,0.988111,0.251618,0.0681676,0.10649,2.00942,0.0690939,
3.218,0.0131903,0.0305876,0.0547328,0.988022,0.251472,0.0682359,0.106895,2.00951,0.0684615,
3.219,0.0132312,0.0305292,0.0550005,0.987932,0.251313,0.06829,0.107302,2.0096,0.0678235,
3.22,0.0132711,0.030471,0.0552723,0.987839,0.251149,0.0683319,0.107714,2.0097,0.0671807,
3.221,0.0133098,0.030411,0.0555414,0.987747,0.250978,0.0683612,0.108131,2.0098,0.0665351,
3.222,0.0133452,0.0303478,0.0558043,0.987656,0.250804,0.0683776,0.108554,2.0099,0.0658862,
3.223,0.0133788,0.0302824,0.0560591,0.987565,0.250629,0.0683817,0.108982,2.01,0.065231,
3.224,0.0134089,0.0302152,0.0563064,0.987475,0.250455,0.0683726,0.109418,2.0101,0.064569,
3.225,0.0134316,0.0301444,0.0565452,0.987388,0.250287,0.0683483,0.109864,2.01021,0.0639035,
3.226,0.0134509,0.03007,0.0567748,0.9873,0.250118,0.068312,0.110314,2.01031,0.0632319,
3.227,0.0134671,0.0299945,0.056996,0.987213,0.249949,0.0682637,0.11077,2.01042,0.0625545,
3.228,0.01348,0.0299182,0.0572088,0.987126,0.249779,0.068203,0.111234,2.01052,0.0618718,
3.229,0.0134885,0.0298421,0.0574132,0.987039,0.249608,0.0681295,0.111703,2.01063,0.0611884,
3.23,0.0134936,0.0297651,0.0576124,0.986952,0.249436,0.0680436,0.112176,2.01074,0.0605053,
3.231,0.013495,0.029688,0.0578055,0.986866,0.249264,0.0679453,0.112652,2.01085,0.0598248,
3.232,0.0134945,0.0296121,0.0579968,0.986781,0.249091,0.0678344,0.113129,2.01096,0.0591522,
3.233,0.0134905,0.0295402,0.0581851,0.986697,0.248918,0.0677107,0.113607,2.01106,0.0584905,
3.234,0.0134854,0.0294695,0.0583699,0.986614,0.248743,0.0675772,0.114077,2.01117,0.0578475,
3.235,0.0134766,0.0294043,0.0585493,0.98653,0.248566,0.0674338,0.114542,2.01128,0.057231,
3.236,0.0134662,0.0293402,0.0587226,0.986447,0.248387,0.0672808,0.114994,2.01139,0.0566549,
3.237,0.0134546,0.0292839,0.0588898,0.986363,0.248206,0.0671179,0.115428,2.01151,0.0561314,
3.238,0.0134403,0.0292308,0.0590486,0.986277,0.248025,0.0669464,0.115848,2.01163,0.0556532,
3.239,0.0134247,0.0291834,0.0591989,0.98619,0.247843,0.0667652,0.116252,2.01175,0.0552288,
3.24,0.0134074,0.0291496,0.0593398,0.986097,0.247662,0.0665756,0.116646,2.01186,0.0548479,
3.241,0.0133889,0.0291235,0.0594715,0.986002,0.247483,0.0663772,0.117025,2.01198,0.0545078,
3.242,0.0133687,0.0291073,0.0595932,0.985905,0.247306,0.0661691,0.1174,2.01209,0.0542081,
3.243,0.0133472,0.0290992,0.0597058,0.985805,0.247132,0.0659505,0.117768,2.0122,0.0539413,
3.244,0.0133242,0.0290958,0.05981,0.985703,0.24696,0.0657219,0.118139,2.0123,0.0536896,
3.245,0.0132988,0.0291011,0.0599064,0.985598,0.24679,0.0654819,0.118518,2.0124,0.0534457,
3.246,0.0132719,0.0291063,0.0599947,0.985493,0.246621,0.0652305,0.118896,2.01249,0.0532048,
3.247,0.0132419,0.0291155,0.0600758,0.985387,0.246454,0.0649676,0.11928,2.01259,0.0529682,
3.248,0.0132094,0.0291256,0.0601491,0.98528,0.246287,0.0646928,0.119668,2.01268,0.0527358,
3.249,0.013174,0.0291369,0.0602149,0.985173,0.246121,0.0644084,0.12006,2.01277,0.0525105,
3.25,0.0131357,0.0291478,0.0602733,0.985065,0.245957,0.0641152,0.120456,2.01287,0.0522876,
3.251,0.0130942,0.0291588,0.0603245,0.984957,0.245793,0.0638136,0.120859,2.01297,0.0520684,
3.252,0.0130494,0.0291694,0.0603688,0.984847,0.245631,0.0635045,0.121268,2.01306,0.0518628,
3.253,0.0130013,0.0291784,0.0604063,0.984738,0.245471,0.0631886,0.121681,2.01316,0.0516782,
3.254,0.0129487,0.0291873,0.0604381,0.984626,0.245312,0.0628693,0.1221,2.01326,0.0515244,
3.255,0.0128937,0.0291943,0.0604632,0.984514,0.245156,0.0625487,0.122518,2.01335,0.0514147,
3.256,0.0128344,0.029199,0.060483,0.984402,0.245001,0.0622276,0.122935,2.01346,0.0513513,
3.257,0.0127713,0.0292014,0.060497,0.984289,0.244847,0.0619039,0.123348,2.01355,0.0513468,
3.258,0.0127035,0.0292009,0.0605059,0.984176,0.244691,0.0615782,0.123757,2.01365,0.0514006,
3.259,0.0126331,0.0291983,0.0605092,0.984062,0.244538,0.0612581,0.124157,2.01374,0.051521,
3.26,0.0125572,0.029193,0.0605077,0.983946,0.244386,0.0609451,0.124552,2.01384,0.0516906,
3.261,0.0124785,0.0291847,0.0605006,0.983828,0.244233,0.0606476,0.124941,2.01395,0.0519076,
3.262,0.0123953,0.0291739,0.0604893,0.983707,0.244083,0.0603689,0.125326,2.01405,0.052168,
3.263,0.0123063,0.0291599,0.060472,0.983584,0.243938,0.0601113,0.125706,2.01416,0.0524646,
3.264,0.0122132,0.0291454,0.0604495,0.983459,0.243796,0.059871,0.126084,2.01427,0.0527861,
3.265,0.0121137,0.0291284,0.0604212,0.983331,0.243661,0.0596527,0.126463,2.01438,0.0531238,
3.266,0.0120076,0.0291098,0.0603866,0.983199,0.243534,0.0594607,0.126844,2.0145,0.0534718,
3.267,0.011897,0.0290929,0.0603456,0.983062,0.243411,0.0592893,0.127228,2.01463,0.0538261,
3.268,0.0117814,0.0290746,0.0602973,0.98292,0.243292,0.0591383,0.127613,2.01476,0.054185,
3.269,0.0116583,0.0290553,0.0602416,0.982774,0.24318,0.0590038,0.128003,2.0149,0.054546,
3.27,0.011527,0.0290358,0.0601775,0.982621,0.243073,0.0588792,0.128397,2.01504,0.0549069,
3.271,0.0113926,0.0290225,0.0601051,0.982463,0.24296,0.0587576,0.128791,2.01519,0.0552707,
3.272,0.0112536,0.0290091,0.0600238,0.982299,0.242848,0.0586417,0.129188,2.01534,0.0556327,
3.273,0.0111114,0.0289991,0.0599334,0.982129,0.242732,0.0585277,0.129586,2.0155,0.0559934,
3.274,0.010965,0.0289917,0.0598336,0.981953,0.242613,0.0584133,0.129987,2.01567,0.0563479,
3.275,0.010819,0.0289918,0.059721,0.981769,0.242483,0.0582952,0.130389,2.01584,0.0566949,
3.276,0.0106759,0.028999,0.0595947,0.981576,0.242339,0.0581746,0.130792,2.01603,0.0570344,
3.277,0.0105333,0.02901,0.0594552,0.981378,0.242187,0.0580469,0.131196,2.01621,0.0573641,
3.278,0.0103908,0.0290282,0.0593011,0.981174,0.242022,0.0579093,0.131602,2.01641,0.0576849,
3.279,0.0102487,0.02905,0.0591324,0.980964,0.241849,0.0577623,0.132011,2.0166,0.0579963,
3.28,0.0101099,0.0290808,0.0589484,0.980748,0.241663,0.0576023,0.13242,2.0168,0.0582982,
3.281,0.00998809,0.0291329,0.0587486,0.980519,0.241447,0.057432,0.132824,2.01701,0.0585903,
3.282,0.00986825,0.0291909,0.0585336,0.980286,0.24122,0.0572471,0.133227,2.01721,0.0588741,
3.283,0.00974828,0.0292523,0.0583045,0.980051,0.240986,0.0570489,0.133632,2.01742,0.0591485,
3.284,0.00962728,0.0293182,0.0580604,0.979814,0.240746,0.0568366,0.134038,2.01763,0.0594133,
3.285,0.00950485,0.0293879,0.0578022,0.979575,0.240502,0.05661,0.134447,2.01784,0.0596687,
3.286,0.00938266,0.0294672,0.0575291,0.979333,0.24025,0.056368,0.134858,2.01804,0.0599132,
3.287,0.00925934,0.0295515,0.0572423,0.979091,0.239996,0.0561123,0.135271,2.01825,0.0601487,
3.288,0.00913505,0.0296501,0.0569401,0.978848,0.239734,0.0558418,0.135684,2.01844,0.0603741,
3.289,0.00900808,0.0297505,0.0566254,0.978606,0.239472,0.055562,0.1361,2.01864,0.0605885,
3.29,0.00887677,0.0298563,0.0562963,0.978366,0.23921,0.055272,0.13652,2.01883,0.0607908,
3.291,0.00873962,0.0299703,0.0559524,0.978129,0.238949,0.0549745,0.136943,2.01901,0.0609815,
3.292,0.00859973,0.0300857,0.0555995,0.977897,0.238689,0.0546765,0.13737,2.0192,0.0611635,
3.293,0.00845471,0.0302033,0.0552353,0.977669,0.238433,0.0543734,0.1378,2.01938,0.0613343,
3.294,0.00830581,0.0303219,0.0548625,0.977447,0.238181,0.0540695,0.138236,2.01956,0.0614926,
3.295,0.00815545,0.0304411,0.0544874,0.977232,0.237933,0.0537697,0.138677,2.01974,0.0616386,
3.296,0.00799905,0.0305615,0.0541065,0.977023,0.237694,0.0534775,0.139126,2.01991,0.0617713,
3.297,0.00784033,0.0306823,0.0537273,0.976827,0.237461,0.0532121,0.139579,2.02009,0.0618925,
3.298,0.00767954,0.0308023,0.0533457,0.976643,0.237239,0.0529805,0.140039,2.02027,0.0620012,
3.299,0.00751856,0.0309212,0.0529646,0.976481,0.237028,0.0528019,0.140503,2.02044,0.0620967,
3.3,0.00735966,0.0310398,0.0525882,0.97634,0.23683,0.0526899,0.140969,2.02062,0.0621807,
3.301,0.00720377,0.0311577,0.0522143,0.976222,0.236648,0.0526544,0.141437,2.0208,0.0622559,
3.302,0.00705294,0.0312752,0.0518497,0.976119,0.236487,0.0527059,0.141905,2.02098,0.0623212,
3.303,0.00690973,0.0313914,0.0514985,0.976019,0.236347,0.052835,0.142374,2.02116,0.0623756,
3.304,0.00677622,0.0315051,0.0511632,0.975925,0.236226,0.053041,0.142846,2.02134,0.0624175,
3.305,0.00665127,0.0316159,0.0508521,0.975845,0.236121,0.053311,0.143319,2.02153,0.0624488,
3.306,0.00653704,0.0317257,0.0505809,0.975767,0.236027,0.0536238,0.143791,2.02173,0.0624697,
3.307,0.00644357,0.0318296,0.0503514,0.975667,0.235931,0.0539614,0.144262,2.02194,0.0624797,
3.308,0.00635821,0.0319263,0.0501813,0.975573,0.235839,0.0543207,0.144733,2.02216,0.0624802,
